ID,Name,Type 1,Type 2,Normal,Fire,Water,Grass,Electric,Ice,Fighting,Poison,Ground,Flying,Psychic,Bug,Rock,Ghost,Dragon,Dark,Steel,Fairy
1,bulbasaur,grass,poison,1.0,2.0,1.0,1.0,1.0,2.0,1.0,2.0,2.0,2.0,2.0,2.0,1.0,1.0,1.0,1.0,1.0,1.0
2,ivysaur,grass,poison,1.0,2.0,1.0,1.0,1.0,2.0,1.0,2.0,2.0,2.0,2.0,2.0,1.0,1.0,1.0,1.0,1.0,1.0
3,venusaur,grass,poison,1.0,2.0,1.0,1.0,1.0,2.0,1.0,2.0,2.0,2.0,2.0,2.0,1.0,1.0,1.0,1.0,1.0,1.0
4,charmander,fire,,1.0,1.0,2.0,1.0,1.0,1.0,1.0,1.0,2.0,1.0,1.0,1.0,2.0,1.0,1.0,1.0,1.0,1.0
5,charmeleon,fire,,1.0,1.0,2.0,1.0,1.0,1.0,1.0,1.0,2.0,1.0,1.0,1.0,2.0,1.0,1.0,1.0,1.0,1.0
6,charizard,fire,flying,1.0,1.0,2.0,1.0,2.0,2.0,1.0,1.0,2.0,1.0,1.0,1.0,4.0,1.0,1.0,1.0,1.0,1.0
7,squirtle,water,,1.0,1.0,1.0,2.0,2.0,1.0,1.0,1.0,1.0,1.0,1.0,1.0,1.0,1.0,1.0,1.0,1.0,1.0
8,wartortle,water,,1.0,1.0,1.0,2.0,2.0,1.0,1.0,1.0,1.0,1.0,1.0,1.0,1.0,1.0,1.0,1.0,1.0,1.0
9,blastoise,water,,1.0,1.0,1.0,2.0,2.0,1.0,1.0,1.0,1.0,1.0,1.0,1.0,1.0,1.0,1.0,1.0,1.0,1.0
10,caterpie,bug,,1.0,2.0,1.0,1.0,1.0,1.0,1.0,1.0,1.0,2.0,1.0,1.0,2.0,1.0,1.0,1.0,1.0,1.0
11,metapod,bug,,1.0,2.0,1.0,1.0,1.0,1.0,1.0,1.0,1.0,2.0,1.0,1.0,2.0,1.0,1.0,1.0,1.0,1.0
12,butterfree,bug,flying,1.0,2.0,1.0,1.0,2.0,2.0,1.0,1.0,1.0,2.0,1.0,1.0,4.0,1.0,1.0,1.0,1.0,1.0
13,weedle,bug,poison,1.0,2.0,1.0,1.0,1.0,1.0,1.0,1.0,2.0,2.0,2.0,1.0,2.0,1.0,1.0,1.0,1.0,1.0
14,kakuna,bug,poison,1.0,2.0,1.0,1.0,1.0,1.0,1.0,1.0,2.0,2.0,2.0,1.0,2.0,1.0,1.0,1.0,1.0,1.0
15,beedrill,bug,poison,1.0,2.0,1.0,1.0,1.0,1.0,1.0,1.0,2.0,2.0,2.0,1.0,2.0,1.0,1.0,1.0,1.0,1.0
16,pidgey,normal,flying,1.0,1.0,1.0,1.0,2.0,2.0,2.0,1.0,1.0,1.0,1.0,1.0,2.0,1.0,1.0,1.0,1.0,1.0
17,pidgeotto,normal,flying,1.0,1.0,1.0,1.0,2.0,2.0,2.0,1.0,1.0,1.0,1.0,1.0,2.0,1.0,1.0,1.0,1.0,1.0
18,pidgeot,normal,flying,1.0,1.0,1.0,1.0,2.0,2.0,2.0,1.0,1.0,1.0,1.0,1.0,2.0,1.0,1.0,1.0,1.0,1.0
19,rattata,normal,,1.0,1.0,1.0,1.0,1.0,1.0,2.0,1.0,1.0,1.0,1.0,1.0,1.0,1.0,1.0,1.0,1.0,1.0
20,raticate,normal,,1.0,1.0,1.0,1.0,1.0,1.0,2.0,1.0,1.0,1.0,1.0,1.0,1.0,1.0,1.0,1.0,1.0,1.0
21,spearow,normal,flying,1.0,1.0,1.0,1.0,2.0,2.0,2.0,1.0,1.0,1.0,1.0,1.0,2.0,1.0,1.0,1.0,1.0,1.0
22,fearow,normal,flying,1.0,1.0,1.0,1.0,2.0,2.0,2.0,1.0,1.0,1.0,1.0,1.0,2.0,1.0,1.0,1.0,1.0,1.0
23,ekans,poison,,1.0,1.0,1.0,1.0,1.0,1.0,1.0,1.0,2.0,1.0,2.0,1.0,1.0,1.0,1.0,1.0,1.0,1.0
24,arbok,poison,,1.0,1.0,1.0,1.0,1.0,1.0,1.0,1.0,2.0,1.0,2.0,1.0,1.0,1.0,1.0,1.0,1.0,1.0
25,pikachu,electric,,1.0,1.0,1.0,1.0,1.0,1.0,1.0,1.0,2.0,1.0,1.0,1.0,1.0,1.0,1.0,1.0,1.0,1.0
26,raichu,electric,,1.0,1.0,1.0,1.0,1.0,1.0,1.0,1.0,2.0,1.0,1.0,1.0,1.0,1.0,1.0,1.0,1.0,1.0
27,sandshrew,ground,,1.0,1.0,2.0,2.0,1.0,2.0,1.0,1.0,1.0,1.0,1.0,1.0,1.0,1.0,1.0,1.0,1.0,1.0
28,sandslash,ground,,1.0,1.0,2.0,2.0,1.0,2.0,1.0,1.0,1.0,1.0,1.0,1.0,1.0,1.0,1.0,1.0,1.0,1.0
29,nidoran-f,poison,,1.0,1.0,1.0,1.0,1.0,1.0,1.0,1.0,2.0,1.0,2.0,1.0,1.0,1.0,1.0,1.0,1.0,1.0
30,nidorina,poison,,1.0,1.0,1.0,1.0,1.0,1.0,1.0,1.0,2.0,1.0,2.0,1.0,1.0,1.0,1.0,1.0,1.0,1.0
31,nidoqueen,poison,ground,1.0,1.0,2.0,2.0,1.0,2.0,1.0,1.0,2.0,1.0,2.0,1.0,1.0,1.0,1.0,1.0,1.0,1.0
32,nidoran-m,poison,,1.0,1.0,1.0,1.0,1.0,1.0,1.0,1.0,2.0,1.0,2.0,1.0,1.0,1.0,1.0,1.0,1.0,1.0
33,nidorino,poison,,1.0,1.0,1.0,1.0,1.0,1.0,1.0,1.0,2.0,1.0,2.0,1.0,1.0,1.0,1.0,1.0,1.0,1.0
34,nidoking,poison,ground,1.0,1.0,2.0,2.0,1.0,2.0,1.0,1.0,2.0,1.0,2.0,1.0,1.0,1.0,1.0,1.0,1.0,1.0
35,clefairy,fairy,,1.0,1.0,1.0,1.0,1.0,1.0,1.0,2.0,1.0,1.0,1.0,1.0,1.0,1.0,1.0,1.0,2.0,1.0
36,clefable,fairy,,1.0,1.0,1.0,1.0,1.0,1.0,1.0,2.0,1.0,1.0,1.0,1.0,1.0,1.0,1.0,1.0,2.0,1.0
37,vulpix,fire,,1.0,1.0,2.0,1.0,1.0,1.0,1.0,1.0,2.0,1.0,1.0,1.0,2.0,1.0,1.0,1.0,1.0,1.0
38,ninetales,fire,,1.0,1.0,2.0,1.0,1.0,1.0,1.0,1.0,2.0,1.0,1.0,1.0,2.0,1.0,1.0,1.0,1.0,1.0
39,jigglypuff,normal,fairy,1.0,1.0,1.0,1.0,1.0,1.0,2.0,2.0,1.0,1.0,1.0,1.0,1.0,1.0,1.0,1.0,2.0,1.0
40,wigglytuff,normal,fairy,1.0,1.0,1.0,1.0,1.0,1.0,2.0,2.0,1.0,1.0,1.0,1.0,1.0,1.0,1.0,1.0,2.0,1.0
41,zubat,poison,flying,1.0,1.0,1.0,1.0,2.0,2.0,1.0,1.0,2.0,1.0,2.0,1.0,2.0,1.0,1.0,1.0,1.0,1.0
42,golbat,poison,flying,1.0,1.0,1.0,1.0,2.0,2.0,1.0,1.0,2.0,1.0,2.0,1.0,2.0,1.0,1.0,1.0,1.0,1.0
43,oddish,grass,poison,1.0,2.0,1.0,1.0,1.0,2.0,1.0,2.0,2.0,2.0,2.0,2.0,1.0,1.0,1.0,1.0,1.0,1.0
44,gloom,grass,poison,1.0,2.0,1.0,1.0,1.0,2.0,1.0,2.0,2.0,2.0,2.0,2.0,1.0,1.0,1.0,1.0,1.0,1.0
45,vileplume,grass,poison,1.0,2.0,1.0,1.0,1.0,2.0,1.0,2.0,2.0,2.0,2.0,2.0,1.0,1.0,1.0,1.0,1.0,1.0
46,paras,bug,grass,1.0,4.0,1.0,1.0,1.0,2.0,1.0,2.0,1.0,4.0,1.0,2.0,2.0,1.0,1.0,1.0,1.0,1.0
47,parasect,bug,grass,1.0,4.0,1.0,1.0,1.0,2.0,1.0,2.0,1.0,4.0,1.0,2.0,2.0,1.0,1.0,1.0,1.0,1.0
48,venonat,bug,poison,1.0,2.0,1.0,1.0,1.0,1.0,1.0,1.0,2.0,2.0,2.0,1.0,2.0,1.0,1.0,1.0,1.0,1.0
49,venomoth,bug,poison,1.0,2.0,1.0,1.0,1.0,1.0,1.0,1.0,2.0,2.0,2.0,1.0,2.0,1.0,1.0,1.0,1.0,1.0
50,diglett,ground,,1.0,1.0,2.0,2.0,1.0,2.0,1.0,1.0,1.0,1.0,1.0,1.0,1.0,1.0,1.0,1.0,1.0,1.0
51,dugtrio,ground,,1.0,1.0,2.0,2.0,1.0,2.0,1.0,1.0,1.0,1.0,1.0,1.0,1.0,1.0,1.0,1.0,1.0,1.0
52,meowth,normal,,1.0,1.0,1.0,1.0,1.0,1.0,2.0,1.0,1.0,1.0,1.0,1.0,1.0,1.0,1.0,1.0,1.0,1.0
53,persian,normal,,1.0,1.0,1.0,1.0,1.0,1.0,2.0,1.0,1.0,1.0,1.0,1.0,1.0,1.0,1.0,1.0,1.0,1.0
54,psyduck,water,,1.0,1.0,1.0,2.0,2.0,1.0,1.0,1.0,1.0,1.0,1.0,1.0,1.0,1.0,1.0,1.0,1.0,1.0
55,golduck,water,,1.0,1.0,1.0,2.0,2.0,1.0,1.0,1.0,1.0,1.0,1.0,1.0,1.0,1.0,1.0,1.0,1.0,1.0
56,mankey,fighting,,1.0,1.0,1.0,1.0,1.0,1.0,1.0,1.0,1.0,2.0,2.0,1.0,1.0,1.0,1.0,1.0,1.0,2.0
57,primeape,fighting,,1.0,1.0,1.0,1.0,1.0,1.0,1.0,1.0,1.0,2.0,2.0,1.0,1.0,1.0,1.0,1.0,1.0,2.0
58,growlithe,fire,,1.0,1.0,2.0,1.0,1.0,1.0,1.0,1.0,2.0,1.0,1.0,1.0,2.0,1.0,1.0,1.0,1.0,1.0
59,arcanine,fire,,1.0,1.0,2.0,1.0,1.0,1.0,1.0,1.0,2.0,1.0,1.0,1.0,2.0,1.0,1.0,1.0,1.0,1.0
60,poliwag,water,,1.0,1.0,1.0,2.0,2.0,1.0,1.0,1.0,1.0,1.0,1.0,1.0,1.0,1.0,1.0,1.0,1.0,1.0
61,poliwhirl,water,,1.0,1.0,1.0,2.0,2.0,1.0,1.0,1.0,1.0,1.0,1.0,1.0,1.0,1.0,1.0,1.0,1.0,1.0
62,poliwrath,water,fighting,1.0,1.0,1.0,2.0,2.0,1.0,1.0,1.0,1.0,2.0,2.0,1.0,1.0,1.0,1.0,1.0,1.0,2.0
63,abra,psychic,,1.0,1.0,1.0,1.0,1.0,1.0,1.0,1.0,1.0,1.0,1.0,2.0,1.0,2.0,1.0,2.0,1.0,1.0
64,kadabra,psychic,,1.0,1.0,1.0,1.0,1.0,1.0,1.0,1.0,1.0,1.0,1.0,2.0,1.0,2.0,1.0,2.0,1.0,1.0
65,alakazam,psychic,,1.0,1.0,1.0,1.0,1.0,1.0,1.0,1.0,1.0,1.0,1.0,2.0,1.0,2.0,1.0,2.0,1.0,1.0
66,machop,fighting,,1.0,1.0,1.0,1.0,1.0,1.0,1.0,1.0,1.0,2.0,2.0,1.0,1.0,1.0,1.0,1.0,1.0,2.0
67,machoke,fighting,,1.0,1.0,1.0,1.0,1.0,1.0,1.0,1.0,1.0,2.0,2.0,1.0,1.0,1.0,1.0,1.0,1.0,2.0
68,machamp,fighting,,1.0,1.0,1.0,1.0,1.0,1.0,1.0,1.0,1.0,2.0,2.0,1.0,1.0,1.0,1.0,1.0,1.0,2.0
69,bellsprout,grass,poison,1.0,2.0,1.0,1.0,1.0,2.0,1.0,2.0,2.0,2.0,2.0,2.0,1.0,1.0,1.0,1.0,1.0,1.0
70,weepinbell,grass,poison,1.0,2.0,1.0,1.0,1.0,2.0,1.0,2.0,2.0,2.0,2.0,2.0,1.0,1.0,1.0,1.0,1.0,1.0
71,victreebel,grass,poison,1.0,2.0,1.0,1.0,1.0,2.0,1.0,2.0,2.0,2.0,2.0,2.0,1.0,1.0,1.0,1.0,1.0,1.0
72,tentacool,water,poison,1.0,1.0,1.0,2.0,2.0,1.0,1.0,1.0,2.0,1.0,2.0,1.0,1.0,1.0,1.0,1.0,1.0,1.0
73,tentacruel,water,poison,1.0,1.0,1.0,2.0,2.0,1.0,1.0,1.0,2.0,1.0,2.0,1.0,1.0,1.0,1.0,1.0,1.0,1.0
74,geodude,rock,ground,1.0,1.0,4.0,4.0,1.0,2.0,2.0,1.0,2.0,1.0,1.0,1.0,1.0,1.0,1.0,1.0,2.0,1.0
75,graveler,rock,ground,1.0,1.0,4.0,4.0,1.0,2.0,2.0,1.0,2.0,1.0,1.0,1.0,1.0,1.0,1.0,1.0,2.0,1.0
76,golem,rock,ground,1.0,1.0,4.0,4.0,1.0,2.0,2.0,1.0,2.0,1.0,1.0,1.0,1.0,1.0,1.0,1.0,2.0,1.0
77,ponyta,fire,,1.0,1.0,2.0,1.0,1.0,1.0,1.0,1.0,2.0,1.0,1.0,1.0,2.0,1.0,1.0,1.0,1.0,1.0
78,rapidash,fire,,1.0,1.0,2.0,1.0,1.0,1.0,1.0,1.0,2.0,1.0,1.0,1.0,2.0,1.0,1.0,1.0,1.0,1.0
79,slowpoke,water,psychic,1.0,1.0,1.0,2.0,2.0,1.0,1.0,1.0,1.0,1.0,1.0,2.0,1.0,2.0,1.0,2.0,1.0,1.0
80,slowbro,water,psychic,1.0,1.0,1.0,2.0,2.0,1.0,1.0,1.0,1.0,1.0,1.0,2.0,1.0,2.0,1.0,2.0,1.0,1.0
81,magnemite,electric,steel,1.0,2.0,1.0,1.0,1.0,1.0,2.0,1.0,4.0,1.0,1.0,1.0,1.0,1.0,1.0,1.0,1.0,1.0
82,magneton,electric,steel,1.0,2.0,1.0,1.0,1.0,1.0,2.0,1.0,4.0,1.0,1.0,1.0,1.0,1.0,1.0,1.0,1.0,1.0
83,farfetchd,normal,flying,1.0,1.0,1.0,1.0,2.0,2.0,2.0,1.0,1.0,1.0,1.0,1.0,2.0,1.0,1.0,1.0,1.0,1.0
84,doduo,normal,flying,1.0,1.0,1.0,1.0,2.0,2.0,2.0,1.0,1.0,1.0,1.0,1.0,2.0,1.0,1.0,1.0,1.0,1.0
85,dodrio,normal,flying,1.0,1.0,1.0,1.0,2.0,2.0,2.0,1.0,1.0,1.0,1.0,1.0,2.0,1.0,1.0,1.0,1.0,1.0
86,seel,water,,1.0,1.0,1.0,2.0,2.0,1.0,1.0,1.0,1.0,1.0,1.0,1.0,1.0,1.0,1.0,1.0,1.0,1.0
87,dewgong,water,ice,1.0,2.0,1.0,2.0,2.0,1.0,2.0,1.0,1.0,1.0,1.0,1.0,2.0,1.0,1.0,1.0,2.0,1.0
88,grimer,poison,,1.0,1.0,1.0,1.0,1.0,1.0,1.0,1.0,2.0,1.0,2.0,1.0,1.0,1.0,1.0,1.0,1.0,1.0
89,muk,poison,,1.0,1.0,1.0,1.0,1.0,1.0,1.0,1.0,2.0,1.0,2.0,1.0,1.0,1.0,1.0,1.0,1.0,1.0
90,shellder,water,,1.0,1.0,1.0,2.0,2.0,1.0,1.0,1.0,1.0,1.0,1.0,1.0,1.0,1.0,1.0,1.0,1.0,1.0
91,cloyster,water,ice,1.0,2.0,1.0,2.0,2.0,1.0,2.0,1.0,1.0,1.0,1.0,1.0,2.0,1.0,1.0,1.0,2.0,1.0
92,gastly,ghost,poison,1.0,1.0,1.0,1.0,1.0,1.0,1.0,1.0,2.0,1.0,2.0,1.0,1.0,2.0,1.0,2.0,1.0,1.0
93,haunter,ghost,poison,1.0,1.0,1.0,1.0,1.0,1.0,1.0,1.0,2.0,1.0,2.0,1.0,1.0,2.0,1.0,2.0,1.0,1.0
94,gengar,ghost,poison,1.0,1.0,1.0,1.0,1.0,1.0,1.0,1.0,2.0,1.0,2.0,1.0,1.0,2.0,1.0,2.0,1.0,1.0
95,onix,rock,ground,1.0,1.0,4.0,4.0,1.0,2.0,2.0,1.0,2.0,1.0,1.0,1.0,1.0,1.0,1.0,1.0,2.0,1.0
96,drowzee,psychic,,1.0,1.0,1.0,1.0,1.0,1.0,1.0,1.0,1.0,1.0,1.0,2.0,1.0,2.0,1.0,2.0,1.0,1.0
97,hypno,psychic,,1.0,1.0,1.0,1.0,1.0,1.0,1.0,1.0,1.0,1.0,1.0,2.0,1.0,2.0,1.0,2.0,1.0,1.0
98,krabby,water,,1.0,1.0,1.0,2.0,2.0,1.0,1.0,1.0,1.0,1.0,1.0,1.0,1.0,1.0,1.0,1.0,1.0,1.0
99,kingler,water,,1.0,1.0,1.0,2.0,2.0,1.0,1.0,1.0,1.0,1.0,1.0,1.0,1.0,1.0,1.0,1.0,1.0,1.0
100,voltorb,electric,,1.0,1.0,1.0,1.0,1.0,1.0,1.0,1.0,2.0,1.0,1.0,1.0,1.0,1.0,1.0,1.0,1.0,1.0
101,electrode,electric,,1.0,1.0,1.0,1.0,1.0,1.0,1.0,1.0,2.0,1.0,1.0,1.0,1.0,1.0,1.0,1.0,1.0,1.0
102,exeggcute,grass,psychic,1.0,2.0,1.0,1.0,1.0,2.0,1.0,2.0,1.0,2.0,1.0,4.0,1.0,2.0,1.0,2.0,1.0,1.0
103,exeggutor,grass,psychic,1.0,2.0,1.0,1.0,1.0,2.0,1.0,2.0,1.0,2.0,1.0,4.0,1.0,2.0,1.0,2.0,1.0,1.0
104,cubone,ground,,1.0,1.0,2.0,2.0,1.0,2.0,1.0,1.0,1.0,1.0,1.0,1.0,1.0,1.0,1.0,1.0,1.0,1.0
105,marowak,ground,,1.0,1.0,2.0,2.0,1.0,2.0,1.0,1.0,1.0,1.0,1.0,1.0,1.0,1.0,1.0,1.0,1.0,1.0
106,hitmonlee,fighting,,1.0,1.0,1.0,1.0,1.0,1.0,1.0,1.0,1.0,2.0,2.0,1.0,1.0,1.0,1.0,1.0,1.0,2.0
107,hitmonchan,fighting,,1.0,1.0,1.0,1.0,1.0,1.0,1.0,1.0,1.0,2.0,2.0,1.0,1.0,1.0,1.0,1.0,1.0,2.0
108,lickitung,normal,,1.0,1.0,1.0,1.0,1.0,1.0,2.0,1.0,1.0,1.0,1.0,1.0,1.0,1.0,1.0,1.0,1.0,1.0
109,koffing,poison,,1.0,1.0,1.0,1.0,1.0,1.0,1.0,1.0,2.0,1.0,2.0,1.0,1.0,1.0,1.0,1.0,1.0,1.0
110,weezing,poison,,1.0,1.0,1.0,1.0,1.0,1.0,1.0,1.0,2.0,1.0,2.0,1.0,1.0,1.0,1.0,1.0,1.0,1.0
111,rhyhorn,ground,rock,1.0,1.0,4.0,4.0,1.0,2.0,2.0,1.0,2.0,1.0,1.0,1.0,1.0,1.0,1.0,1.0,2.0,1.0
112,rhydon,ground,rock,1.0,1.0,4.0,4.0,1.0,2.0,2.0,1.0,2.0,1.0,1.0,1.0,1.0,1.0,1.0,1.0,2.0,1.0
113,chansey,normal,,1.0,1.0,1.0,1.0,1.0,1.0,2.0,1.0,1.0,1.0,1.0,1.0,1.0,1.0,1.0,1.0,1.0,1.0
114,tangela,grass,,1.0,2.0,1.0,1.0,1.0,2.0,1.0,2.0,1.0,2.0,1.0,2.0,1.0,1.0,1.0,1.0,1.0,1.0
115,kangaskhan,normal,,1.0,1.0,1.0,1.0,1.0,1.0,2.0,1.0,1.0,1.0,1.0,1.0,1.0,1.0,1.0,1.0,1.0,1.0
116,horsea,water,,1.0,1.0,1.0,2.0,2.0,1.0,1.0,1.0,1.0,1.0,1.0,1.0,1.0,1.0,1.0,1.0,1.0,1.0
117,seadra,water,,1.0,1.0,1.0,2.0,2.0,1.0,1.0,1.0,1.0,1.0,1.0,1.0,1.0,1.0,1.0,1.0,1.0,1.0
118,goldeen,water,,1.0,1.0,1.0,2.0,2.0,1.0,1.0,1.0,1.0,1.0,1.0,1.0,1.0,1.0,1.0,1.0,1.0,1.0
119,seaking,water,,1.0,1.0,1.0,2.0,2.0,1.0,1.0,1.0,1.0,1.0,1.0,1.0,1.0,1.0,1.0,1.0,1.0,1.0
120,staryu,water,,1.0,1.0,1.0,2.0,2.0,1.0,1.0,1.0,1.0,1.0,1.0,1.0,1.0,1.0,1.0,1.0,1.0,1.0
121,starmie,water,psychic,1.0,1.0,1.0,2.0,2.0,1.0,1.0,1.0,1.0,1.0,1.0,2.0,1.0,2.0,1.0,2.0,1.0,1.0
122,mr-mime,psychic,fairy,1.0,1.0,1.0,1.0,1.0,1.0,1.0,2.0,1.0,1.0,1.0,2.0,1.0,2.0,1.0,2.0,2.0,1.0
123,scyther,bug,flying,1.0,2.0,1.0,1.0,2.0,2.0,1.0,1.0,1.0,2.0,1.0,1.0,4.0,1.0,1.0,1.0,1.0,1.0
124,jynx,ice,psychic,1.0,2.0,1.0,1.0,1.0,1.0,2.0,1.0,1.0,1.0,1.0,2.0,2.0,2.0,1.0,2.0,2.0,1.0
125,electabuzz,electric,,1.0,1.0,1.0,1.0,1.0,1.0,1.0,1.0,2.0,1.0,1.0,1.0,1.0,1.0,1.0,1.0,1.0,1.0
126,magmar,fire,,1.0,1.0,2.0,1.0,1.0,1.0,1.0,1.0,2.0,1.0,1.0,1.0,2.0,1.0,1.0,1.0,1.0,1.0
127,pinsir,bug,,1.0,2.0,1.0,1.0,1.0,1.0,1.0,1.0,1.0,2.0,1.0,1.0,2.0,1.0,1.0,1.0,1.0,1.0
128,tauros,normal,,1.0,1.0,1.0,1.0,1.0,1.0,2.0,1.0,1.0,1.0,1.0,1.0,1.0,1.0,1.0,1.0,1.0,1.0
129,magikarp,water,,1.0,1.0,1.0,2.0,2.0,1.0,1.0,1.0,1.0,1.0,1.0,1.0,1.0,1.0,1.0,1.0,1.0,1.0
130,gyarados,water,flying,1.0,1.0,1.0,2.0,4.0,2.0,1.0,1.0,1.0,1.0,1.0,1.0,2.0,1.0,1.0,1.0,1.0,1.0
131,lapras,water,ice,1.0,2.0,1.0,2.0,2.0,1.0,2.0,1.0,1.0,1.0,1.0,1.0,2.0,1.0,1.0,1.0,2.0,1.0
132,ditto,normal,,1.0,1.0,1.0,1.0,1.0,1.0,2.0,1.0,1.0,1.0,1.0,1.0,1.0,1.0,1.0,1.0,1.0,1.0
133,eevee,normal,,1.0,1.0,1.0,1.0,1.0,1.0,2.0,1.0,1.0,1.0,1.0,1.0,1.0,1.0,1.0,1.0,1.0,1.0
134,vaporeon,water,,1.0,1.0,1.0,2.0,2.0,1.0,1.0,1.0,1.0,1.0,1.0,1.0,1.0,1.0,1.0,1.0,1.0,1.0
135,jolteon,electric,,1.0,1.0,1.0,1.0,1.0,1.0,1.0,1.0,2.0,1.0,1.0,1.0,1.0,1.0,1.0,1.0,1.0,1.0
136,flareon,fire,,1.0,1.0,2.0,1.0,1.0,1.0,1.0,1.0,2.0,1.0,1.0,1.0,2.0,1.0,1.0,1.0,1.0,1.0
137,porygon,normal,,1.0,1.0,1.0,1.0,1.0,1.0,2.0,1.0,1.0,1.0,1.0,1.0,1.0,1.0,1.0,1.0,1.0,1.0
138,omanyte,rock,water,1.0,1.0,2.0,4.0,2.0,1.0,2.0,1.0,2.0,1.0,1.0,1.0,1.0,1.0,1.0,1.0,2.0,1.0
139,omastar,rock,water,1.0,1.0,2.0,4.0,2.0,1.0,2.0,1.0,2.0,1.0,1.0,1.0,1.0,1.0,1.0,1.0,2.0,1.0
140,kabuto,rock,water,1.0,1.0,2.0,4.0,2.0,1.0,2.0,1.0,2.0,1.0,1.0,1.0,1.0,1.0,1.0,1.0,2.0,1.0
141,kabutops,rock,water,1.0,1.0,2.0,4.0,2.0,1.0,2.0,1.0,2.0,1.0,1.0,1.0,1.0,1.0,1.0,1.0,2.0,1.0
142,aerodactyl,rock,flying,1.0,1.0,2.0,2.0,2.0,2.0,2.0,1.0,2.0,1.0,1.0,1.0,2.0,1.0,1.0,1.0,2.0,1.0
143,snorlax,normal,,1.0,1.0,1.0,1.0,1.0,1.0,2.0,1.0,1.0,1.0,1.0,1.0,1.0,1.0,1.0,1.0,1.0,1.0
144,articuno,ice,flying,1.0,2.0,1.0,1.0,2.0,2.0,2.0,1.0,1.0,1.0,1.0,1.0,4.0,1.0,1.0,1.0,2.0,1.0
145,zapdos,electric,flying,1.0,1.0,1.0,1.0,2.0,2.0,1.0,1.0,2.0,1.0,1.0,1.0,2.0,1.0,1.0,1.0,1.0,1.0
146,moltres,fire,flying,1.0,1.0,2.0,1.0,2.0,2.0,1.0,1.0,2.0,1.0,1.0,1.0,4.0,1.0,1.0,1.0,1.0,1.0
147,dratini,dragon,,1.0,1.0,1.0,1.0,1.0,2.0,1.0,1.0,1.0,1.0,1.0,1.0,1.0,1.0,2.0,1.0,1.0,2.0
148,dragonair,dragon,,1.0,1.0,1.0,1.0,1.0,2.0,1.0,1.0,1.0,1.0,1.0,1.0,1.0,1.0,2.0,1.0,1.0,2.0
149,dragonite,dragon,flying,1.0,1.0,1.0,1.0,2.0,4.0,1.0,1.0,1.0,1.0,1.0,1.0,2.0,1.0,2.0,1.0,1.0,2.0
150,mewtwo,psychic,,1.0,1.0,1.0,1.0,1.0,1.0,1.0,1.0,1.0,1.0,1.0,2.0,1.0,2.0,1.0,2.0,1.0,1.0
151,mew,psychic,,1.0,1.0,1.0,1.0,1.0,1.0,1.0,1.0,1.0,1.0,1.0,2.0,1.0,2.0,1.0,2.0,1.0,1.0
152,chikorita,grass,,1.0,2.0,1.0,1.0,1.0,2.0,1.0,2.0,1.0,2.0,1.0,2.0,1.0,1.0,1.0,1.0,1.0,1.0
153,bayleef,grass,,1.0,2.0,1.0,1.0,1.0,2.0,1.0,2.0,1.0,2.0,1.0,2.0,1.0,1.0,1.0,1.0,1.0,1.0
154,meganium,grass,,1.0,2.0,1.0,1.0,1.0,2.0,1.0,2.0,1.0,2.0,1.0,2.0,1.0,1.0,1.0,1.0,1.0,1.0
155,cyndaquil,fire,,1.0,1.0,2.0,1.0,1.0,1.0,1.0,1.0,2.0,1.0,1.0,1.0,2.0,1.0,1.0,1.0,1.0,1.0
156,quilava,fire,,1.0,1.0,2.0,1.0,1.0,1.0,1.0,1.0,2.0,1.0,1.0,1.0,2.0,1.0,1.0,1.0,1.0,1.0
157,typhlosion,fire,,1.0,1.0,2.0,1.0,1.0,1.0,1.0,1.0,2.0,1.0,1.0,1.0,2.0,1.0,1.0,1.0,1.0,1.0
158,totodile,water,,1.0,1.0,1.0,2.0,2.0,1.0,1.0,1.0,1.0,1.0,1.0,1.0,1.0,1.0,1.0,1.0,1.0,1.0
159,croconaw,water,,1.0,1.0,1.0,2.0,2.0,1.0,1.0,1.0,1.0,1.0,1.0,1.0,1.0,1.0,1.0,1.0,1.0,1.0
160,feraligatr,water,,1.0,1.0,1.0,2.0,2.0,1.0,1.0,1.0,1.0,1.0,1.0,1.0,1.0,1.0,1.0,1.0,1.0,1.0
161,sentret,normal,,1.0,1.0,1.0,1.0,1.0,1.0,2.0,1.0,1.0,1.0,1.0,1.0,1.0,1.0,1.0,1.0,1.0,1.0
162,furret,normal,,1.0,1.0,1.0,1.0,1.0,1.0,2.0,1.0,1.0,1.0,1.0,1.0,1.0,1.0,1.0,1.0,1.0,1.0
163,hoothoot,normal,flying,1.0,1.0,1.0,1.0,2.0,2.0,2.0,1.0,1.0,1.0,1.0,1.0,2.0,1.0,1.0,1.0,1.0,1.0
164,noctowl,normal,flying,1.0,1.0,1.0,1.0,2.0,2.0,2.0,1.0,1.0,1.0,1.0,1.0,2.0,1.0,1.0,1.0,1.0,1.0
165,ledyba,bug,flying,1.0,2.0,1.0,1.0,2.0,2.0,1.0,1.0,1.0,2.0,1.0,1.0,4.0,1.0,1.0,1.0,1.0,1.0
166,ledian,bug,flying,1.0,2.0,1.0,1.0,2.0,2.0,1.0,1.0,1.0,2.0,1.0,1.0,4.0,1.0,1.0,1.0,1.0,1.0
167,spinarak,bug,poison,1.0,2.0,1.0,1.0,1.0,1.0,1.0,1.0,2.0,2.0,2.0,1.0,2.0,1.0,1.0,1.0,1.0,1.0
168,ariados,bug,poison,1.0,2.0,1.0,1.0,1.0,1.0,1.0,1.0,2.0,2.0,2.0,1.0,2.0,1.0,1.0,1.0,1.0,1.0
169,crobat,poison,flying,1.0,1.0,1.0,1.0,2.0,2.0,1.0,1.0,2.0,1.0,2.0,1.0,2.0,1.0,1.0,1.0,1.0,1.0
170,chinchou,water,electric,1.0,1.0,1.0,2.0,2.0,1.0,1.0,1.0,2.0,1.0,1.0,1.0,1.0,1.0,1.0,1.0,1.0,1.0
171,lanturn,water,electric,1.0,1.0,1.0,2.0,2.0,1.0,1.0,1.0,2.0,1.0,1.0,1.0,1.0,1.0,1.0,1.0,1.0,1.0
172,pichu,electric,,1.0,1.0,1.0,1.0,1.0,1.0,1.0,1.0,2.0,1.0,1.0,1.0,1.0,1.0,1.0,1.0,1.0,1.0
173,cleffa,fairy,,1.0,1.0,1.0,1.0,1.0,1.0,1.0,2.0,1.0,1.0,1.0,1.0,1.0,1.0,1.0,1.0,2.0,1.0
174,igglybuff,normal,fairy,1.0,1.0,1.0,1.0,1.0,1.0,2.0,2.0,1.0,1.0,1.0,1.0,1.0,1.0,1.0,1.0,2.0,1.0
175,togepi,fairy,,1.0,1.0,1.0,1.0,1.0,1.0,1.0,2.0,1.0,1.0,1.0,1.0,1.0,1.0,1.0,1.0,2.0,1.0
176,togetic,fairy,flying,1.0,1.0,1.0,1.0,2.0,2.0,1.0,2.0,1.0,1.0,1.0,1.0,2.0,1.0,1.0,1.0,2.0,1.0
177,natu,psychic,flying,1.0,1.0,1.0,1.0,2.0,2.0,1.0,1.0,1.0,1.0,1.0,2.0,2.0,2.0,1.0,2.0,1.0,1.0
178,xatu,psychic,flying,1.0,1.0,1.0,1.0,2.0,2.0,1.0,1.0,1.0,1.0,1.0,2.0,2.0,2.0,1.0,2.0,1.0,1.0
179,mareep,electric,,1.0,1.0,1.0,1.0,1.0,1.0,1.0,1.0,2.0,1.0,1.0,1.0,1.0,1.0,1.0,1.0,1.0,1.0
180,flaaffy,electric,,1.0,1.0,1.0,1.0,1.0,1.0,1.0,1.0,2.0,1.0,1.0,1.0,1.0,1.0,1.0,1.0,1.0,1.0
181,ampharos,electric,,1.0,1.0,1.0,1.0,1.0,1.0,1.0,1.0,2.0,1.0,1.0,1.0,1.0,1.0,1.0,1.0,1.0,1.0
182,bellossom,grass,,1.0,2.0,1.0,1.0,1.0,2.0,1.0,2.0,1.0,2.0,1.0,2.0,1.0,1.0,1.0,1.0,1.0,1.0
183,marill,water,fairy,1.0,1.0,1.0,2.0,2.0,1.0,1.0,2.0,1.0,1.0,1.0,1.0,1.0,1.0,1.0,1.0,2.0,1.0
184,azumarill,water,fairy,1.0,1.0,1.0,2.0,2.0,1.0,1.0,2.0,1.0,1.0,1.0,1.0,1.0,1.0,1.0,1.0,2.0,1.0
185,sudowoodo,rock,,1.0,1.0,2.0,2.0,1.0,1.0,2.0,1.0,2.0,1.0,1.0,1.0,1.0,1.0,1.0,1.0,2.0,1.0
186,politoed,water,,1.0,1.0,1.0,2.0,2.0,1.0,1.0,1.0,1.0,1.0,1.0,1.0,1.0,1.0,1.0,1.0,1.0,1.0
187,hoppip,grass,flying,1.0,2.0,1.0,1.0,2.0,4.0,1.0,2.0,1.0,2.0,1.0,2.0,2.0,1.0,1.0,1.0,1.0,1.0
188,skiploom,grass,flying,1.0,2.0,1.0,1.0,2.0,4.0,1.0,2.0,1.0,2.0,1.0,2.0,2.0,1.0,1.0,1.0,1.0,1.0
189,jumpluff,grass,flying,1.0,2.0,1.0,1.0,2.0,4.0,1.0,2.0,1.0,2.0,1.0,2.0,2.0,1.0,1.0,1.0,1.0,1.0
190,aipom,normal,,1.0,1.0,1.0,1.0,1.0,1.0,2.0,1.0,1.0,1.0,1.0,1.0,1.0,1.0,1.0,1.0,1.0,1.0
191,sunkern,grass,,1.0,2.0,1.0,1.0,1.0,2.0,1.0,2.0,1.0,2.0,1.0,2.0,1.0,1.0,1.0,1.0,1.0,1.0
192,sunflora,grass,,1.0,2.0,1.0,1.0,1.0,2.0,1.0,2.0,1.0,2.0,1.0,2.0,1.0,1.0,1.0,1.0,1.0,1.0
193,yanma,bug,flying,1.0,2.0,1.0,1.0,2.0,2.0,1.0,1.0,1.0,2.0,1.0,1.0,4.0,1.0,1.0,1.0,1.0,1.0
194,wooper,water,ground,1.0,1.0,2.0,4.0,2.0,2.0,1.0,1.0,1.0,1.0,1.0,1.0,1.0,1.0,1.0,1.0,1.0,1.0
195,quagsire,water,ground,1.0,1.0,2.0,4.0,2.0,2.0,1.0,1.0,1.0,1.0,1.0,1.0,1.0,1.0,1.0,1.0,1.0,1.0
196,espeon,psychic,,1.0,1.0,1.0,1.0,1.0,1.0,1.0,1.0,1.0,1.0,1.0,2.0,1.0,2.0,1.0,2.0,1.0,1.0
197,umbreon,dark,,1.0,1.0,1.0,1.0,1.0,1.0,2.0,1.0,1.0,1.0,1.0,2.0,1.0,1.0,1.0,1.0,1.0,2.0
198,murkrow,dark,flying,1.0,1.0,1.0,1.0,2.0,2.0,2.0,1.0,1.0,1.0,1.0,2.0,2.0,1.0,1.0,1.0,1.0,2.0
199,slowking,water,psychic,1.0,1.0,1.0,2.0,2.0,1.0,1.0,1.0,1.0,1.0,1.0,2.0,1.0,2.0,1.0,2.0,1.0,1.0
200,misdreavus,ghost,,1.0,1.0,1.0,1.0,1.0,1.0,1.0,1.0,1.0,1.0,1.0,1.0,1.0,2.0,1.0,2.0,1.0,1.0
201,unown,psychic,,1.0,1.0,1.0,1.0,1.0,1.0,1.0,1.0,1.0,1.0,1.0,2.0,1.0,2.0,1.0,2.0,1.0,1.0
202,wobbuffet,psychic,,1.0,1.0,1.0,1.0,1.0,1.0,1.0,1.0,1.0,1.0,1.0,2.0,1.0,2.0,1.0,2.0,1.0,1.0
203,girafarig,normal,psychic,1.0,1.0,1.0,1.0,1.0,1.0,2.0,1.0,1.0,1.0,1.0,2.0,1.0,2.0,1.0,2.0,1.0,1.0
204,pineco,bug,,1.0,2.0,1.0,1.0,1.0,1.0,1.0,1.0,1.0,2.0,1.0,1.0,2.0,1.0,1.0,1.0,1.0,1.0
205,forretress,bug,steel,1.0,4.0,1.0,1.0,1.0,1.0,2.0,1.0,2.0,2.0,1.0,1.0,2.0,1.0,1.0,1.0,1.0,1.0
206,dunsparce,normal,,1.0,1.0,1.0,1.0,1.0,1.0,2.0,1.0,1.0,1.0,1.0,1.0,1.0,1.0,1.0,1.0,1.0,1.0
207,gligar,ground,flying,1.0,1.0,2.0,2.0,2.0,4.0,1.0,1.0,1.0,1.0,1.0,1.0,2.0,1.0,1.0,1.0,1.0,1.0
208,steelix,steel,ground,1.0,2.0,2.0,2.0,1.0,2.0,2.0,1.0,2.0,1.0,1.0,1.0,1.0,1.0,1.0,1.0,1.0,1.0
209,snubbull,fairy,,1.0,1.0,1.0,1.0,1.0,1.0,1.0,2.0,1.0,1.0,1.0,1.0,1.0,1.0,1.0,1.0,2.0,1.0
210,granbull,fairy,,1.0,1.0,1.0,1.0,1.0,1.0,1.0,2.0,1.0,1.0,1.0,1.0,1.0,1.0,1.0,1.0,2.0,1.0
211,qwilfish,water,poison,1.0,1.0,1.0,2.0,2.0,1.0,1.0,1.0,2.0,1.0,2.0,1.0,1.0,1.0,1.0,1.0,1.0,1.0
212,scizor,bug,steel,1.0,4.0,1.0,1.0,1.0,1.0,2.0,1.0,2.0,2.0,1.0,1.0,2.0,1.0,1.0,1.0,1.0,1.0
213,shuckle,bug,rock,1.0,2.0,2.0,2.0,1.0,1.0,2.0,1.0,2.0,2.0,1.0,1.0,2.0,1.0,1.0,1.0,2.0,1.0
214,heracross,bug,fighting,1.0,2.0,1.0,1.0,1.0,1.0,1.0,1.0,1.0,4.0,2.0,1.0,2.0,1.0,1.0,1.0,1.0,2.0
215,sneasel,dark,ice,1.0,2.0,1.0,1.0,1.0,1.0,4.0,1.0,1.0,1.0,1.0,2.0,2.0,1.0,1.0,1.0,2.0,2.0
216,teddiursa,normal,,1.0,1.0,1.0,1.0,1.0,1.0,2.0,1.0,1.0,1.0,1.0,1.0,1.0,1.0,1.0,1.0,1.0,1.0
217,ursaring,normal,,1.0,1.0,1.0,1.0,1.0,1.0,2.0,1.0,1.0,1.0,1.0,1.0,1.0,1.0,1.0,1.0,1.0,1.0
218,slugma,fire,,1.0,1.0,2.0,1.0,1.0,1.0,1.0,1.0,2.0,1.0,1.0,1.0,2.0,1.0,1.0,1.0,1.0,1.0
219,magcargo,fire,rock,1.0,1.0,4.0,2.0,1.0,1.0,2.0,1.0,4.0,1.0,1.0,1.0,2.0,1.0,1.0,1.0,2.0,1.0
220,swinub,ice,ground,1.0,2.0,2.0,2.0,1.0,2.0,2.0,1.0,1.0,1.0,1.0,1.0,2.0,1.0,1.0,1.0,2.0,1.0
221,piloswine,ice,ground,1.0,2.0,2.0,2.0,1.0,2.0,2.0,1.0,1.0,1.0,1.0,1.0,2.0,1.0,1.0,1.0,2.0,1.0
222,corsola,water,rock,1.0,1.0,2.0,4.0,2.0,1.0,2.0,1.0,2.0,1.0,1.0,1.0,1.0,1.0,1.0,1.0,2.0,1.0
223,remoraid,water,,1.0,1.0,1.0,2.0,2.0,1.0,1.0,1.0,1.0,1.0,1.0,1.0,1.0,1.0,1.0,1.0,1.0,1.0
224,octillery,water,,1.0,1.0,1.0,2.0,2.0,1.0,1.0,1.0,1.0,1.0,1.0,1.0,1.0,1.0,1.0,1.0,1.0,1.0
225,delibird,ice,flying,1.0,2.0,1.0,1.0,2.0,2.0,2.0,1.0,1.0,1.0,1.0,1.0,4.0,1.0,1.0,1.0,2.0,1.0
226,mantine,water,flying,1.0,1.0,1.0,2.0,4.0,2.0,1.0,1.0,1.0,1.0,1.0,1.0,2.0,1.0,1.0,1.0,1.0,1.0
227,skarmory,steel,flying,1.0,2.0,1.0,1.0,2.0,2.0,2.0,1.0,2.0,1.0,1.0,1.0,2.0,1.0,1.0,1.0,1.0,1.0
228,houndour,dark,fire,1.0,1.0,2.0,1.0,1.0,1.0,2.0,1.0,2.0,1.0,1.0,2.0,2.0,1.0,1.0,1.0,1.0,2.0
229,houndoom,dark,fire,1.0,1.0,2.0,1.0,1.0,1.0,2.0,1.0,2.0,1.0,1.0,2.0,2.0,1.0,1.0,1.0,1.0,2.0
230,kingdra,water,dragon,1.0,1.0,1.0,2.0,2.0,2.0,1.0,1.0,1.0,1.0,1.0,1.0,1.0,1.0,2.0,1.0,1.0,2.0
231,phanpy,ground,,1.0,1.0,2.0,2.0,1.0,2.0,1.0,1.0,1.0,1.0,1.0,1.0,1.0,1.0,1.0,1.0,1.0,1.0
232,donphan,ground,,1.0,1.0,2.0,2.0,1.0,2.0,1.0,1.0,1.0,1.0,1.0,1.0,1.0,1.0,1.0,1.0,1.0,1.0
233,porygon2,normal,,1.0,1.0,1.0,1.0,1.0,1.0,2.0,1.0,1.0,1.0,1.0,1.0,1.0,1.0,1.0,1.0,1.0,1.0
234,stantler,normal,,1.0,1.0,1.0,1.0,1.0,1.0,2.0,1.0,1.0,1.0,1.0,1.0,1.0,1.0,1.0,1.0,1.0,1.0
235,smeargle,normal,,1.0,1.0,1.0,1.0,1.0,1.0,2.0,1.0,1.0,1.0,1.0,1.0,1.0,1.0,1.0,1.0,1.0,1.0
236,tyrogue,fighting,,1.0,1.0,1.0,1.0,1.0,1.0,1.0,1.0,1.0,2.0,2.0,1.0,1.0,1.0,1.0,1.0,1.0,2.0
237,hitmontop,fighting,,1.0,1.0,1.0,1.0,1.0,1.0,1.0,1.0,1.0,2.0,2.0,1.0,1.0,1.0,1.0,1.0,1.0,2.0
238,smoochum,ice,psychic,1.0,2.0,1.0,1.0,1.0,1.0,2.0,1.0,1.0,1.0,1.0,2.0,2.0,2.0,1.0,2.0,2.0,1.0
239,elekid,electric,,1.0,1.0,1.0,1.0,1.0,1.0,1.0,1.0,2.0,1.0,1.0,1.0,1.0,1.0,1.0,1.0,1.0,1.0
240,magby,fire,,1.0,1.0,2.0,1.0,1.0,1.0,1.0,1.0,2.0,1.0,1.0,1.0,2.0,1.0,1.0,1.0,1.0,1.0
241,miltank,normal,,1.0,1.0,1.0,1.0,1.0,1.0,2.0,1.0,1.0,1.0,1.0,1.0,1.0,1.0,1.0,1.0,1.0,1.0
242,blissey,normal,,1.0,1.0,1.0,1.0,1.0,1.0,2.0,1.0,1.0,1.0,1.0,1.0,1.0,1.0,1.0,1.0,1.0,1.0
243,raikou,electric,,1.0,1.0,1.0,1.0,1.0,1.0,1.0,1.0,2.0,1.0,1.0,1.0,1.0,1.0,1.0,1.0,1.0,1.0
244,entei,fire,,1.0,1.0,2.0,1.0,1.0,1.0,1.0,1.0,2.0,1.0,1.0,1.0,2.0,1.0,1.0,1.0,1.0,1.0
245,suicune,water,,1.0,1.0,1.0,2.0,2.0,1.0,1.0,1.0,1.0,1.0,1.0,1.0,1.0,1.0,1.0,1.0,1.0,1.0
246,larvitar,rock,ground,1.0,1.0,4.0,4.0,1.0,2.0,2.0,1.0,2.0,1.0,1.0,1.0,1.0,1.0,1.0,1.0,2.0,1.0
247,pupitar,rock,ground,1.0,1.0,4.0,4.0,1.0,2.0,2.0,1.0,2.0,1.0,1.0,1.0,1.0,1.0,1.0,1.0,2.0,1.0
248,tyranitar,rock,dark,1.0,1.0,2.0,2.0,1.0,1.0,4.0,1.0,2.0,1.0,1.0,2.0,1.0,1.0,1.0,1.0,2.0,2.0
249,lugia,psychic,flying,1.0,1.0,1.0,1.0,2.0,2.0,1.0,1.0,1.0,1.0,1.0,2.0,2.0,2.0,1.0,2.0,1.0,1.0
250,ho-oh,fire,flying,1.0,1.0,2.0,1.0,2.0,2.0,1.0,1.0,2.0,1.0,1.0,1.0,4.0,1.0,1.0,1.0,1.0,1.0
251,celebi,psychic,grass,1.0,2.0,1.0,1.0,1.0,2.0,1.0,2.0,1.0,2.0,1.0,4.0,1.0,2.0,1.0,2.0,1.0,1.0
252,treecko,grass,,1.0,2.0,1.0,1.0,1.0,2.0,1.0,2.0,1.0,2.0,1.0,2.0,1.0,1.0,1.0,1.0,1.0,1.0
253,grovyle,grass,,1.0,2.0,1.0,1.0,1.0,2.0,1.0,2.0,1.0,2.0,1.0,2.0,1.0,1.0,1.0,1.0,1.0,1.0
254,sceptile,grass,,1.0,2.0,1.0,1.0,1.0,2.0,1.0,2.0,1.0,2.0,1.0,2.0,1.0,1.0,1.0,1.0,1.0,1.0
255,torchic,fire,,1.0,1.0,2.0,1.0,1.0,1.0,1.0,1.0,2.0,1.0,1.0,1.0,2.0,1.0,1.0,1.0,1.0,1.0
256,combusken,fire,fighting,1.0,1.0,2.0,1.0,1.0,1.0,1.0,1.0,2.0,2.0,2.0,1.0,2.0,1.0,1.0,1.0,1.0,2.0
257,blaziken,fire,fighting,1.0,1.0,2.0,1.0,1.0,1.0,1.0,1.0,2.0,2.0,2.0,1.0,2.0,1.0,1.0,1.0,1.0,2.0
258,mudkip,water,,1.0,1.0,1.0,2.0,2.0,1.0,1.0,1.0,1.0,1.0,1.0,1.0,1.0,1.0,1.0,1.0,1.0,1.0
259,marshtomp,water,ground,1.0,1.0,2.0,4.0,2.0,2.0,1.0,1.0,1.0,1.0,1.0,1.0,1.0,1.0,1.0,1.0,1.0,1.0
260,swampert,water,ground,1.0,1.0,2.0,4.0,2.0,2.0,1.0,1.0,1.0,1.0,1.0,1.0,1.0,1.0,1.0,1.0,1.0,1.0
261,poochyena,dark,,1.0,1.0,1.0,1.0,1.0,1.0,2.0,1.0,1.0,1.0,1.0,2.0,1.0,1.0,1.0,1.0,1.0,2.0
262,mightyena,dark,,1.0,1.0,1.0,1.0,1.0,1.0,2.0,1.0,1.0,1.0,1.0,2.0,1.0,1.0,1.0,1.0,1.0,2.0
263,zigzagoon,normal,,1.0,1.0,1.0,1.0,1.0,1.0,2.0,1.0,1.0,1.0,1.0,1.0,1.0,1.0,1.0,1.0,1.0,1.0
264,linoone,normal,,1.0,1.0,1.0,1.0,1.0,1.0,2.0,1.0,1.0,1.0,1.0,1.0,1.0,1.0,1.0,1.0,1.0,1.0
265,wurmple,bug,,1.0,2.0,1.0,1.0,1.0,1.0,1.0,1.0,1.0,2.0,1.0,1.0,2.0,1.0,1.0,1.0,1.0,1.0
266,silcoon,bug,,1.0,2.0,1.0,1.0,1.0,1.0,1.0,1.0,1.0,2.0,1.0,1.0,2.0,1.0,1.0,1.0,1.0,1.0
267,beautifly,bug,flying,1.0,2.0,1.0,1.0,2.0,2.0,1.0,1.0,1.0,2.0,1.0,1.0,4.0,1.0,1.0,1.0,1.0,1.0
268,cascoon,bug,,1.0,2.0,1.0,1.0,1.0,1.0,1.0,1.0,1.0,2.0,1.0,1.0,2.0,1.0,1.0,1.0,1.0,1.0
269,dustox,bug,poison,1.0,2.0,1.0,1.0,1.0,1.0,1.0,1.0,2.0,2.0,2.0,1.0,2.0,1.0,1.0,1.0,1.0,1.0
270,lotad,water,grass,1.0,2.0,1.0,2.0,2.0,2.0,1.0,2.0,1.0,2.0,1.0,2.0,1.0,1.0,1.0,1.0,1.0,1.0
271,lombre,water,grass,1.0,2.0,1.0,2.0,2.0,2.0,1.0,2.0,1.0,2.0,1.0,2.0,1.0,1.0,1.0,1.0,1.0,1.0
272,ludicolo,water,grass,1.0,2.0,1.0,2.0,2.0,2.0,1.0,2.0,1.0,2.0,1.0,2.0,1.0,1.0,1.0,1.0,1.0,1.0
273,seedot,grass,,1.0,2.0,1.0,1.0,1.0,2.0,1.0,2.0,1.0,2.0,1.0,2.0,1.0,1.0,1.0,1.0,1.0,1.0
274,nuzleaf,grass,dark,1.0,2.0,1.0,1.0,1.0,2.0,2.0,2.0,1.0,2.0,1.0,4.0,1.0,1.0,1.0,1.0,1.0,2.0
275,shiftry,grass,dark,1.0,2.0,1.0,1.0,1.0,2.0,2.0,2.0,1.0,2.0,1.0,4.0,1.0,1.0,1.0,1.0,1.0,2.0
276,taillow,normal,flying,1.0,1.0,1.0,1.0,2.0,2.0,2.0,1.0,1.0,1.0,1.0,1.0,2.0,1.0,1.0,1.0,1.0,1.0
277,swellow,normal,flying,1.0,1.0,1.0,1.0,2.0,2.0,2.0,1.0,1.0,1.0,1.0,1.0,2.0,1.0,1.0,1.0,1.0,1.0
278,wingull,water,flying,1.0,1.0,1.0,2.0,4.0,2.0,1.0,1.0,1.0,1.0,1.0,1.0,2.0,1.0,1.0,1.0,1.0,1.0
279,pelipper,water,flying,1.0,1.0,1.0,2.0,4.0,2.0,1.0,1.0,1.0,1.0,1.0,1.0,2.0,1.0,1.0,1.0,1.0,1.0
280,ralts,psychic,fairy,1.0,1.0,1.0,1.0,1.0,1.0,1.0,2.0,1.0,1.0,1.0,2.0,1.0,2.0,1.0,2.0,2.0,1.0
281,kirlia,psychic,fairy,1.0,1.0,1.0,1.0,1.0,1.0,1.0,2.0,1.0,1.0,1.0,2.0,1.0,2.0,1.0,2.0,2.0,1.0
282,gardevoir,psychic,fairy,1.0,1.0,1.0,1.0,1.0,1.0,1.0,2.0,1.0,1.0,1.0,2.0,1.0,2.0,1.0,2.0,2.0,1.0
283,surskit,bug,water,1.0,2.0,1.0,2.0,2.0,1.0,1.0,1.0,1.0,2.0,1.0,1.0,2.0,1.0,1.0,1.0,1.0,1.0
284,masquerain,bug,flying,1.0,2.0,1.0,1.0,2.0,2.0,1.0,1.0,1.0,2.0,1.0,1.0,4.0,1.0,1.0,1.0,1.0,1.0
285,shroomish,grass,,1.0,2.0,1.0,1.0,1.0,2.0,1.0,2.0,1.0,2.0,1.0,2.0,1.0,1.0,1.0,1.0,1.0,1.0
286,breloom,grass,fighting,1.0,2.0,1.0,1.0,1.0,2.0,1.0,2.0,1.0,4.0,2.0,2.0,1.0,1.0,1.0,1.0,1.0,2.0
287,slakoth,normal,,1.0,1.0,1.0,1.0,1.0,1.0,2.0,1.0,1.0,1.0,1.0,1.0,1.0,1.0,1.0,1.0,1.0,1.0
288,vigoroth,normal,,1.0,1.0,1.0,1.0,1.0,1.0,2.0,1.0,1.0,1.0,1.0,1.0,1.0,1.0,1.0,1.0,1.0,1.0
289,slaking,normal,,1.0,1.0,1.0,1.0,1.0,1.0,2.0,1.0,1.0,1.0,1.0,1.0,1.0,1.0,1.0,1.0,1.0,1.0
290,nincada,bug,ground,1.0,2.0,2.0,2.0,1.0,2.0,1.0,1.0,1.0,2.0,1.0,1.0,2.0,1.0,1.0,1.0,1.0,1.0
291,ninjask,bug,flying,1.0,2.0,1.0,1.0,2.0,2.0,1.0,1.0,1.0,2.0,1.0,1.0,4.0,1.0,1.0,1.0,1.0,1.0
292,shedinja,bug,ghost,1.0,2.0,1.0,1.0,1.0,1.0,1.0,1.0,1.0,2.0,1.0,1.0,2.0,2.0,1.0,2.0,1.0,1.0
293,whismur,normal,,1.0,1.0,1.0,1.0,1.0,1.0,2.0,1.0,1.0,1.0,1.0,1.0,1.0,1.0,1.0,1.0,1.0,1.0
294,loudred,normal,,1.0,1.0,1.0,1.0,1.0,1.0,2.0,1.0,1.0,1.0,1.0,1.0,1.0,1.0,1.0,1.0,1.0,1.0
295,exploud,normal,,1.0,1.0,1.0,1.0,1.0,1.0,2.0,1.0,1.0,1.0,1.0,1.0,1.0,1.0,1.0,1.0,1.0,1.0
296,makuhita,fighting,,1.0,1.0,1.0,1.0,1.0,1.0,1.0,1.0,1.0,2.0,2.0,1.0,1.0,1.0,1.0,1.0,1.0,2.0
297,hariyama,fighting,,1.0,1.0,1.0,1.0,1.0,1.0,1.0,1.0,1.0,2.0,2.0,1.0,1.0,1.0,1.0,1.0,1.0,2.0
298,azurill,normal,fairy,1.0,1.0,1.0,1.0,1.0,1.0,2.0,2.0,1.0,1.0,1.0,1.0,1.0,1.0,1.0,1.0,2.0,1.0
299,nosepass,rock,,1.0,1.0,2.0,2.0,1.0,1.0,2.0,1.0,2.0,1.0,1.0,1.0,1.0,1.0,1.0,1.0,2.0,1.0
300,skitty,normal,,1.0,1.0,1.0,1.0,1.0,1.0,2.0,1.0,1.0,1.0,1.0,1.0,1.0,1.0,1.0,1.0,1.0,1.0
301,delcatty,normal,,1.0,1.0,1.0,1.0,1.0,1.0,2.0,1.0,1.0,1.0,1.0,1.0,1.0,1.0,1.0,1.0,1.0,1.0
302,sableye,dark,ghost,1.0,1.0,1.0,1.0,1.0,1.0,2.0,1.0,1.0,1.0,1.0,2.0,1.0,2.0,1.0,2.0,1.0,2.0
303,mawile,steel,fairy,1.0,2.0,1.0,1.0,1.0,1.0,2.0,2.0,2.0,1.0,1.0,1.0,1.0,1.0,1.0,1.0,2.0,1.0
304,aron,steel,rock,1.0,2.0,2.0,2.0,1.0,1.0,4.0,1.0,4.0,1.0,1.0,1.0,1.0,1.0,1.0,1.0,2.0,1.0
305,lairon,steel,rock,1.0,2.0,2.0,2.0,1.0,1.0,4.0,1.0,4.0,1.0,1.0,1.0,1.0,1.0,1.0,1.0,2.0,1.0
306,aggron,steel,rock,1.0,2.0,2.0,2.0,1.0,1.0,4.0,1.0,4.0,1.0,1.0,1.0,1.0,1.0,1.0,1.0,2.0,1.0
307,meditite,fighting,psychic,1.0,1.0,1.0,1.0,1.0,1.0,1.0,1.0,1.0,2.0,2.0,2.0,1.0,2.0,1.0,2.0,1.0,2.0
308,medicham,fighting,psychic,1.0,1.0,1.0,1.0,1.0,1.0,1.0,1.0,1.0,2.0,2.0,2.0,1.0,2.0,1.0,2.0,1.0,2.0
309,electrike,electric,,1.0,1.0,1.0,1.0,1.0,1.0,1.0,1.0,2.0,1.0,1.0,1.0,1.0,1.0,1.0,1.0,1.0,1.0
310,manectric,electric,,1.0,1.0,1.0,1.0,1.0,1.0,1.0,1.0,2.0,1.0,1.0,1.0,1.0,1.0,1.0,1.0,1.0,1.0
311,plusle,electric,,1.0,1.0,1.0,1.0,1.0,1.0,1.0,1.0,2.0,1.0,1.0,1.0,1.0,1.0,1.0,1.0,1.0,1.0
312,minun,electric,,1.0,1.0,1.0,1.0,1.0,1.0,1.0,1.0,2.0,1.0,1.0,1.0,1.0,1.0,1.0,1.0,1.0,1.0
313,volbeat,bug,,1.0,2.0,1.0,1.0,1.0,1.0,1.0,1.0,1.0,2.0,1.0,1.0,2.0,1.0,1.0,1.0,1.0,1.0
314,illumise,bug,,1.0,2.0,1.0,1.0,1.0,1.0,1.0,1.0,1.0,2.0,1.0,1.0,2.0,1.0,1.0,1.0,1.0,1.0
315,roselia,grass,poison,1.0,2.0,1.0,1.0,1.0,2.0,1.0,2.0,2.0,2.0,2.0,2.0,1.0,1.0,1.0,1.0,1.0,1.0
316,gulpin,poison,,1.0,1.0,1.0,1.0,1.0,1.0,1.0,1.0,2.0,1.0,2.0,1.0,1.0,1.0,1.0,1.0,1.0,1.0
317,swalot,poison,,1.0,1.0,1.0,1.0,1.0,1.0,1.0,1.0,2.0,1.0,2.0,1.0,1.0,1.0,1.0,1.0,1.0,1.0
318,carvanha,water,dark,1.0,1.0,1.0,2.0,2.0,1.0,2.0,1.0,1.0,1.0,1.0,2.0,1.0,1.0,1.0,1.0,1.0,2.0
319,sharpedo,water,dark,1.0,1.0,1.0,2.0,2.0,1.0,2.0,1.0,1.0,1.0,1.0,2.0,1.0,1.0,1.0,1.0,1.0,2.0
320,wailmer,water,,1.0,1.0,1.0,2.0,2.0,1.0,1.0,1.0,1.0,1.0,1.0,1.0,1.0,1.0,1.0,1.0,1.0,1.0
321,wailord,water,,1.0,1.0,1.0,2.0,2.0,1.0,1.0,1.0,1.0,1.0,1.0,1.0,1.0,1.0,1.0,1.0,1.0,1.0
322,numel,fire,ground,1.0,1.0,4.0,2.0,1.0,2.0,1.0,1.0,2.0,1.0,1.0,1.0,2.0,1.0,1.0,1.0,1.0,1.0
323,camerupt,fire,ground,1.0,1.0,4.0,2.0,1.0,2.0,1.0,1.0,2.0,1.0,1.0,1.0,2.0,1.0,1.0,1.0,1.0,1.0
324,torkoal,fire,,1.0,1.0,2.0,1.0,1.0,1.0,1.0,1.0,2.0,1.0,1.0,1.0,2.0,1.0,1.0,1.0,1.0,1.0
325,spoink,psychic,,1.0,1.0,1.0,1.0,1.0,1.0,1.0,1.0,1.0,1.0,1.0,2.0,1.0,2.0,1.0,2.0,1.0,1.0
326,grumpig,psychic,,1.0,1.0,1.0,1.0,1.0,1.0,1.0,1.0,1.0,1.0,1.0,2.0,1.0,2.0,1.0,2.0,1.0,1.0
327,spinda,normal,,1.0,1.0,1.0,1.0,1.0,1.0,2.0,1.0,1.0,1.0,1.0,1.0,1.0,1.0,1.0,1.0,1.0,1.0
328,trapinch,ground,,1.0,1.0,2.0,2.0,1.0,2.0,1.0,1.0,1.0,1.0,1.0,1.0,1.0,1.0,1.0,1.0,1.0,1.0
329,vibrava,ground,dragon,1.0,1.0,2.0,2.0,1.0,4.0,1.0,1.0,1.0,1.0,1.0,1.0,1.0,1.0,2.0,1.0,1.0,2.0
330,flygon,ground,dragon,1.0,1.0,2.0,2.0,1.0,4.0,1.0,1.0,1.0,1.0,1.0,1.0,1.0,1.0,2.0,1.0,1.0,2.0
331,cacnea,grass,,1.0,2.0,1.0,1.0,1.0,2.0,1.0,2.0,1.0,2.0,1.0,2.0,1.0,1.0,1.0,1.0,1.0,1.0
332,cacturne,grass,dark,1.0,2.0,1.0,1.0,1.0,2.0,2.0,2.0,1.0,2.0,1.0,4.0,1.0,1.0,1.0,1.0,1.0,2.0
333,swablu,normal,flying,1.0,1.0,1.0,1.0,2.0,2.0,2.0,1.0,1.0,1.0,1.0,1.0,2.0,1.0,1.0,1.0,1.0,1.0
334,altaria,dragon,flying,1.0,1.0,1.0,1.0,2.0,4.0,1.0,1.0,1.0,1.0,1.0,1.0,2.0,1.0,2.0,1.0,1.0,2.0
335,zangoose,normal,,1.0,1.0,1.0,1.0,1.0,1.0,2.0,1.0,1.0,1.0,1.0,1.0,1.0,1.0,1.0,1.0,1.0,1.0
336,seviper,poison,,1.0,1.0,1.0,1.0,1.0,1.0,1.0,1.0,2.0,1.0,2.0,1.0,1.0,1.0,1.0,1.0,1.0,1.0
337,lunatone,rock,psychic,1.0,1.0,2.0,2.0,1.0,1.0,2.0,1.0,2.0,1.0,1.0,2.0,1.0,2.0,1.0,2.0,2.0,1.0
338,solrock,rock,psychic,1.0,1.0,2.0,2.0,1.0,1.0,2.0,1.0,2.0,1.0,1.0,2.0,1.0,2.0,1.0,2.0,2.0,1.0
339,barboach,water,ground,1.0,1.0,2.0,4.0,2.0,2.0,1.0,1.0,1.0,1.0,1.0,1.0,1.0,1.0,1.0,1.0,1.0,1.0
340,whiscash,water,ground,1.0,1.0,2.0,4.0,2.0,2.0,1.0,1.0,1.0,1.0,1.0,1.0,1.0,1.0,1.0,1.0,1.0,1.0
341,corphish,water,,1.0,1.0,1.0,2.0,2.0,1.0,1.0,1.0,1.0,1.0,1.0,1.0,1.0,1.0,1.0,1.0,1.0,1.0
342,crawdaunt,water,dark,1.0,1.0,1.0,2.0,2.0,1.0,2.0,1.0,1.0,1.0,1.0,2.0,1.0,1.0,1.0,1.0,1.0,2.0
343,baltoy,ground,psychic,1.0,1.0,2.0,2.0,1.0,2.0,1.0,1.0,1.0,1.0,1.0,2.0,1.0,2.0,1.0,2.0,1.0,1.0
344,claydol,ground,psychic,1.0,1.0,2.0,2.0,1.0,2.0,1.0,1.0,1.0,1.0,1.0,2.0,1.0,2.0,1.0,2.0,1.0,1.0
345,lileep,rock,grass,1.0,2.0,2.0,2.0,1.0,2.0,2.0,2.0,2.0,2.0,1.0,2.0,1.0,1.0,1.0,1.0,2.0,1.0
346,cradily,rock,grass,1.0,2.0,2.0,2.0,1.0,2.0,2.0,2.0,2.0,2.0,1.0,2.0,1.0,1.0,1.0,1.0,2.0,1.0
347,anorith,rock,bug,1.0,2.0,2.0,2.0,1.0,1.0,2.0,1.0,2.0,2.0,1.0,1.0,2.0,1.0,1.0,1.0,2.0,1.0
348,armaldo,rock,bug,1.0,2.0,2.0,2.0,1.0,1.0,2.0,1.0,2.0,2.0,1.0,1.0,2.0,1.0,1.0,1.0,2.0,1.0
349,feebas,water,,1.0,1.0,1.0,2.0,2.0,1.0,1.0,1.0,1.0,1.0,1.0,1.0,1.0,1.0,1.0,1.0,1.0,1.0
350,milotic,water,,1.0,1.0,1.0,2.0,2.0,1.0,1.0,1.0,1.0,1.0,1.0,1.0,1.0,1.0,1.0,1.0,1.0,1.0
351,castform,normal,,1.0,1.0,1.0,1.0,1.0,1.0,2.0,1.0,1.0,1.0,1.0,1.0,1.0,1.0,1.0,1.0,1.0,1.0
352,kecleon,normal,,1.0,1.0,1.0,1.0,1.0,1.0,2.0,1.0,1.0,1.0,1.0,1.0,1.0,1.0,1.0,1.0,1.0,1.0
353,shuppet,ghost,,1.0,1.0,1.0,1.0,1.0,1.0,1.0,1.0,1.0,1.0,1.0,1.0,1.0,2.0,1.0,2.0,1.0,1.0
354,banette,ghost,,1.0,1.0,1.0,1.0,1.0,1.0,1.0,1.0,1.0,1.0,1.0,1.0,1.0,2.0,1.0,2.0,1.0,1.0
355,duskull,ghost,,1.0,1.0,1.0,1.0,1.0,1.0,1.0,1.0,1.0,1.0,1.0,1.0,1.0,2.0,1.0,2.0,1.0,1.0
356,dusclops,ghost,,1.0,1.0,1.0,1.0,1.0,1.0,1.0,1.0,1.0,1.0,1.0,1.0,1.0,2.0,1.0,2.0,1.0,1.0
357,tropius,grass,flying,1.0,2.0,1.0,1.0,2.0,4.0,1.0,2.0,1.0,2.0,1.0,2.0,2.0,1.0,1.0,1.0,1.0,1.0
358,chimecho,psychic,,1.0,1.0,1.0,1.0,1.0,1.0,1.0,1.0,1.0,1.0,1.0,2.0,1.0,2.0,1.0,2.0,1.0,1.0
359,absol,dark,,1.0,1.0,1.0,1.0,1.0,1.0,2.0,1.0,1.0,1.0,1.0,2.0,1.0,1.0,1.0,1.0,1.0,2.0
360,wynaut,psychic,,1.0,1.0,1.0,1.0,1.0,1.0,1.0,1.0,1.0,1.0,1.0,2.0,1.0,2.0,1.0,2.0,1.0,1.0
361,snorunt,ice,,1.0,2.0,1.0,1.0,1.0,1.0,2.0,1.0,1.0,1.0,1.0,1.0,2.0,1.0,1.0,1.0,2.0,1.0
362,glalie,ice,,1.0,2.0,1.0,1.0,1.0,1.0,2.0,1.0,1.0,1.0,1.0,1.0,2.0,1.0,1.0,1.0,2.0,1.0
363,spheal,ice,water,1.0,2.0,1.0,2.0,2.0,1.0,2.0,1.0,1.0,1.0,1.0,1.0,2.0,1.0,1.0,1.0,2.0,1.0
364,sealeo,ice,water,1.0,2.0,1.0,2.0,2.0,1.0,2.0,1.0,1.0,1.0,1.0,1.0,2.0,1.0,1.0,1.0,2.0,1.0
365,walrein,ice,water,1.0,2.0,1.0,2.0,2.0,1.0,2.0,1.0,1.0,1.0,1.0,1.0,2.0,1.0,1.0,1.0,2.0,1.0
366,clamperl,water,,1.0,1.0,1.0,2.0,2.0,1.0,1.0,1.0,1.0,1.0,1.0,1.0,1.0,1.0,1.0,1.0,1.0,1.0
367,huntail,water,,1.0,1.0,1.0,2.0,2.0,1.0,1.0,1.0,1.0,1.0,1.0,1.0,1.0,1.0,1.0,1.0,1.0,1.0
368,gorebyss,water,,1.0,1.0,1.0,2.0,2.0,1.0,1.0,1.0,1.0,1.0,1.0,1.0,1.0,1.0,1.0,1.0,1.0,1.0
369,relicanth,water,rock,1.0,1.0,2.0,4.0,2.0,1.0,2.0,1.0,2.0,1.0,1.0,1.0,1.0,1.0,1.0,1.0,2.0,1.0
370,luvdisc,water,,1.0,1.0,1.0,2.0,2.0,1.0,1.0,1.0,1.0,1.0,1.0,1.0,1.0,1.0,1.0,1.0,1.0,1.0
371,bagon,dragon,,1.0,1.0,1.0,1.0,1.0,2.0,1.0,1.0,1.0,1.0,1.0,1.0,1.0,1.0,2.0,1.0,1.0,2.0
372,shelgon,dragon,,1.0,1.0,1.0,1.0,1.0,2.0,1.0,1.0,1.0,1.0,1.0,1.0,1.0,1.0,2.0,1.0,1.0,2.0
373,salamence,dragon,flying,1.0,1.0,1.0,1.0,2.0,4.0,1.0,1.0,1.0,1.0,1.0,1.0,2.0,1.0,2.0,1.0,1.0,2.0
374,beldum,steel,psychic,1.0,2.0,1.0,1.0,1.0,1.0,2.0,1.0,2.0,1.0,1.0,2.0,1.0,2.0,1.0,2.0,1.0,1.0
375,metang,steel,psychic,1.0,2.0,1.0,1.0,1.0,1.0,2.0,1.0,2.0,1.0,1.0,2.0,1.0,2.0,1.0,2.0,1.0,1.0
376,metagross,steel,psychic,1.0,2.0,1.0,1.0,1.0,1.0,2.0,1.0,2.0,1.0,1.0,2.0,1.0,2.0,1.0,2.0,1.0,1.0
377,regirock,rock,,1.0,1.0,2.0,2.0,1.0,1.0,2.0,1.0,2.0,1.0,1.0,1.0,1.0,1.0,1.0,1.0,2.0,1.0
378,regice,ice,,1.0,2.0,1.0,1.0,1.0,1.0,2.0,1.0,1.0,1.0,1.0,1.0,2.0,1.0,1.0,1.0,2.0,1.0
379,registeel,steel,,1.0,2.0,1.0,1.0,1.0,1.0,2.0,1.0,2.0,1.0,1.0,1.0,1.0,1.0,1.0,1.0,1.0,1.0
380,latias,dragon,psychic,1.0,1.0,1.0,1.0,1.0,2.0,1.0,1.0,1.0,1.0,1.0,2.0,1.0,2.0,2.0,2.0,1.0,2.0
381,latios,dragon,psychic,1.0,1.0,1.0,1.0,1.0,2.0,1.0,1.0,1.0,1.0,1.0,2.0,1.0,2.0,2.0,2.0,1.0,2.0
382,kyogre,water,,1.0,1.0,1.0,2.0,2.0,1.0,1.0,1.0,1.0,1.0,1.0,1.0,1.0,1.0,1.0,1.0,1.0,1.0
383,groudon,ground,,1.0,1.0,2.0,2.0,1.0,2.0,1.0,1.0,1.0,1.0,1.0,1.0,1.0,1.0,1.0,1.0,1.0,1.0
384,rayquaza,dragon,flying,1.0,1.0,1.0,1.0,2.0,4.0,1.0,1.0,1.0,1.0,1.0,1.0,2.0,1.0,2.0,1.0,1.0,2.0
385,jirachi,steel,psychic,1.0,2.0,1.0,1.0,1.0,1.0,2.0,1.0,2.0,1.0,1.0,2.0,1.0,2.0,1.0,2.0,1.0,1.0
386,deoxys-normal,psychic,,1.0,1.0,1.0,1.0,1.0,1.0,1.0,1.0,1.0,1.0,1.0,2.0,1.0,2.0,1.0,2.0,1.0,1.0
387,turtwig,grass,,1.0,2.0,1.0,1.0,1.0,2.0,1.0,2.0,1.0,2.0,1.0,2.0,1.0,1.0,1.0,1.0,1.0,1.0
388,grotle,grass,,1.0,2.0,1.0,1.0,1.0,2.0,1.0,2.0,1.0,2.0,1.0,2.0,1.0,1.0,1.0,1.0,1.0,1.0
389,torterra,grass,ground,1.0,2.0,2.0,2.0,1.0,4.0,1.0,2.0,1.0,2.0,1.0,2.0,1.0,1.0,1.0,1.0,1.0,1.0
390,chimchar,fire,,1.0,1.0,2.0,1.0,1.0,1.0,1.0,1.0,2.0,1.0,1.0,1.0,2.0,1.0,1.0,1.0,1.0,1.0
391,monferno,fire,fighting,1.0,1.0,2.0,1.0,1.0,1.0,1.0,1.0,2.0,2.0,2.0,1.0,2.0,1.0,1.0,1.0,1.0,2.0
392,infernape,fire,fighting,1.0,1.0,2.0,1.0,1.0,1.0,1.0,1.0,2.0,2.0,2.0,1.0,2.0,1.0,1.0,1.0,1.0,2.0
393,piplup,water,,1.0,1.0,1.0,2.0,2.0,1.0,1.0,1.0,1.0,1.0,1.0,1.0,1.0,1.0,1.0,1.0,1.0,1.0
394,prinplup,water,,1.0,1.0,1.0,2.0,2.0,1.0,1.0,1.0,1.0,1.0,1.0,1.0,1.0,1.0,1.0,1.0,1.0,1.0
395,empoleon,water,steel,1.0,2.0,1.0,2.0,2.0,1.0,2.0,1.0,2.0,1.0,1.0,1.0,1.0,1.0,1.0,1.0,1.0,1.0
396,starly,normal,flying,1.0,1.0,1.0,1.0,2.0,2.0,2.0,1.0,1.0,1.0,1.0,1.0,2.0,1.0,1.0,1.0,1.0,1.0
397,staravia,normal,flying,1.0,1.0,1.0,1.0,2.0,2.0,2.0,1.0,1.0,1.0,1.0,1.0,2.0,1.0,1.0,1.0,1.0,1.0
398,staraptor,normal,flying,1.0,1.0,1.0,1.0,2.0,2.0,2.0,1.0,1.0,1.0,1.0,1.0,2.0,1.0,1.0,1.0,1.0,1.0
399,bidoof,normal,,1.0,1.0,1.0,1.0,1.0,1.0,2.0,1.0,1.0,1.0,1.0,1.0,1.0,1.0,1.0,1.0,1.0,1.0
400,bibarel,normal,water,1.0,1.0,1.0,2.0,2.0,1.0,2.0,1.0,1.0,1.0,1.0,1.0,1.0,1.0,1.0,1.0,1.0,1.0
401,kricketot,bug,,1.0,2.0,1.0,1.0,1.0,1.0,1.0,1.0,1.0,2.0,1.0,1.0,2.0,1.0,1.0,1.0,1.0,1.0
402,kricketune,bug,,1.0,2.0,1.0,1.0,1.0,1.0,1.0,1.0,1.0,2.0,1.0,1.0,2.0,1.0,1.0,1.0,1.0,1.0
403,shinx,electric,,1.0,1.0,1.0,1.0,1.0,1.0,1.0,1.0,2.0,1.0,1.0,1.0,1.0,1.0,1.0,1.0,1.0,1.0
404,luxio,electric,,1.0,1.0,1.0,1.0,1.0,1.0,1.0,1.0,2.0,1.0,1.0,1.0,1.0,1.0,1.0,1.0,1.0,1.0
405,luxray,electric,,1.0,1.0,1.0,1.0,1.0,1.0,1.0,1.0,2.0,1.0,1.0,1.0,1.0,1.0,1.0,1.0,1.0,1.0
406,budew,grass,poison,1.0,2.0,1.0,1.0,1.0,2.0,1.0,2.0,2.0,2.0,2.0,2.0,1.0,1.0,1.0,1.0,1.0,1.0
407,roserade,grass,poison,1.0,2.0,1.0,1.0,1.0,2.0,1.0,2.0,2.0,2.0,2.0,2.0,1.0,1.0,1.0,1.0,1.0,1.0
408,cranidos,rock,,1.0,1.0,2.0,2.0,1.0,1.0,2.0,1.0,2.0,1.0,1.0,1.0,1.0,1.0,1.0,1.0,2.0,1.0
409,rampardos,rock,,1.0,1.0,2.0,2.0,1.0,1.0,2.0,1.0,2.0,1.0,1.0,1.0,1.0,1.0,1.0,1.0,2.0,1.0
410,shieldon,rock,steel,1.0,2.0,2.0,2.0,1.0,1.0,4.0,1.0,4.0,1.0,1.0,1.0,1.0,1.0,1.0,1.0,2.0,1.0
411,bastiodon,rock,steel,1.0,2.0,2.0,2.0,1.0,1.0,4.0,1.0,4.0,1.0,1.0,1.0,1.0,1.0,1.0,1.0,2.0,1.0
412,burmy,bug,,1.0,2.0,1.0,1.0,1.0,1.0,1.0,1.0,1.0,2.0,1.0,1.0,2.0,1.0,1.0,1.0,1.0,1.0
413,wormadam-plant,bug,grass,1.0,4.0,1.0,1.0,1.0,2.0,1.0,2.0,1.0,4.0,1.0,2.0,2.0,1.0,1.0,1.0,1.0,1.0
414,mothim,bug,flying,1.0,2.0,1.0,1.0,2.0,2.0,1.0,1.0,1.0,2.0,1.0,1.0,4.0,1.0,1.0,1.0,1.0,1.0
415,combee,bug,flying,1.0,2.0,1.0,1.0,2.0,2.0,1.0,1.0,1.0,2.0,1.0,1.0,4.0,1.0,1.0,1.0,1.0,1.0
416,vespiquen,bug,flying,1.0,2.0,1.0,1.0,2.0,2.0,1.0,1.0,1.0,2.0,1.0,1.0,4.0,1.0,1.0,1.0,1.0,1.0
417,pachirisu,electric,,1.0,1.0,1.0,1.0,1.0,1.0,1.0,1.0,2.0,1.0,1.0,1.0,1.0,1.0,1.0,1.0,1.0,1.0
418,buizel,water,,1.0,1.0,1.0,2.0,2.0,1.0,1.0,1.0,1.0,1.0,1.0,1.0,1.0,1.0,1.0,1.0,1.0,1.0
419,floatzel,water,,1.0,1.0,1.0,2.0,2.0,1.0,1.0,1.0,1.0,1.0,1.0,1.0,1.0,1.0,1.0,1.0,1.0,1.0
420,cherubi,grass,,1.0,2.0,1.0,1.0,1.0,2.0,1.0,2.0,1.0,2.0,1.0,2.0,1.0,1.0,1.0,1.0,1.0,1.0
421,cherrim,grass,,1.0,2.0,1.0,1.0,1.0,2.0,1.0,2.0,1.0,2.0,1.0,2.0,1.0,1.0,1.0,1.0,1.0,1.0
422,shellos,water,,1.0,1.0,1.0,2.0,2.0,1.0,1.0,1.0,1.0,1.0,1.0,1.0,1.0,1.0,1.0,1.0,1.0,1.0
423,gastrodon,water,ground,1.0,1.0,2.0,4.0,2.0,2.0,1.0,1.0,1.0,1.0,1.0,1.0,1.0,1.0,1.0,1.0,1.0,1.0
424,ambipom,normal,,1.0,1.0,1.0,1.0,1.0,1.0,2.0,1.0,1.0,1.0,1.0,1.0,1.0,1.0,1.0,1.0,1.0,1.0
425,drifloon,ghost,flying,1.0,1.0,1.0,1.0,2.0,2.0,1.0,1.0,1.0,1.0,1.0,1.0,2.0,2.0,1.0,2.0,1.0,1.0
426,drifblim,ghost,flying,1.0,1.0,1.0,1.0,2.0,2.0,1.0,1.0,1.0,1.0,1.0,1.0,2.0,2.0,1.0,2.0,1.0,1.0
427,buneary,normal,,1.0,1.0,1.0,1.0,1.0,1.0,2.0,1.0,1.0,1.0,1.0,1.0,1.0,1.0,1.0,1.0,1.0,1.0
428,lopunny,normal,,1.0,1.0,1.0,1.0,1.0,1.0,2.0,1.0,1.0,1.0,1.0,1.0,1.0,1.0,1.0,1.0,1.0,1.0
429,mismagius,ghost,,1.0,1.0,1.0,1.0,1.0,1.0,1.0,1.0,1.0,1.0,1.0,1.0,1.0,2.0,1.0,2.0,1.0,1.0
430,honchkrow,dark,flying,1.0,1.0,1.0,1.0,2.0,2.0,2.0,1.0,1.0,1.0,1.0,2.0,2.0,1.0,1.0,1.0,1.0,2.0
431,glameow,normal,,1.0,1.0,1.0,1.0,1.0,1.0,2.0,1.0,1.0,1.0,1.0,1.0,1.0,1.0,1.0,1.0,1.0,1.0
432,purugly,normal,,1.0,1.0,1.0,1.0,1.0,1.0,2.0,1.0,1.0,1.0,1.0,1.0,1.0,1.0,1.0,1.0,1.0,1.0
433,chingling,psychic,,1.0,1.0,1.0,1.0,1.0,1.0,1.0,1.0,1.0,1.0,1.0,2.0,1.0,2.0,1.0,2.0,1.0,1.0
434,stunky,poison,dark,1.0,1.0,1.0,1.0,1.0,1.0,2.0,1.0,2.0,1.0,2.0,2.0,1.0,1.0,1.0,1.0,1.0,2.0
435,skuntank,poison,dark,1.0,1.0,1.0,1.0,1.0,1.0,2.0,1.0,2.0,1.0,2.0,2.0,1.0,1.0,1.0,1.0,1.0,2.0
436,bronzor,steel,psychic,1.0,2.0,1.0,1.0,1.0,1.0,2.0,1.0,2.0,1.0,1.0,2.0,1.0,2.0,1.0,2.0,1.0,1.0
437,bronzong,steel,psychic,1.0,2.0,1.0,1.0,1.0,1.0,2.0,1.0,2.0,1.0,1.0,2.0,1.0,2.0,1.0,2.0,1.0,1.0
438,bonsly,rock,,1.0,1.0,2.0,2.0,1.0,1.0,2.0,1.0,2.0,1.0,1.0,1.0,1.0,1.0,1.0,1.0,2.0,1.0
439,mime-jr,psychic,fairy,1.0,1.0,1.0,1.0,1.0,1.0,1.0,2.0,1.0,1.0,1.0,2.0,1.0,2.0,1.0,2.0,2.0,1.0
440,happiny,normal,,1.0,1.0,1.0,1.0,1.0,1.0,2.0,1.0,1.0,1.0,1.0,1.0,1.0,1.0,1.0,1.0,1.0,1.0
441,chatot,normal,flying,1.0,1.0,1.0,1.0,2.0,2.0,2.0,1.0,1.0,1.0,1.0,1.0,2.0,1.0,1.0,1.0,1.0,1.0
442,spiritomb,ghost,dark,1.0,1.0,1.0,1.0,1.0,1.0,2.0,1.0,1.0,1.0,1.0,2.0,1.0,2.0,1.0,2.0,1.0,2.0
443,gible,dragon,ground,1.0,1.0,2.0,2.0,1.0,4.0,1.0,1.0,1.0,1.0,1.0,1.0,1.0,1.0,2.0,1.0,1.0,2.0
444,gabite,dragon,ground,1.0,1.0,2.0,2.0,1.0,4.0,1.0,1.0,1.0,1.0,1.0,1.0,1.0,1.0,2.0,1.0,1.0,2.0
445,garchomp,dragon,ground,1.0,1.0,2.0,2.0,1.0,4.0,1.0,1.0,1.0,1.0,1.0,1.0,1.0,1.0,2.0,1.0,1.0,2.0
446,munchlax,normal,,1.0,1.0,1.0,1.0,1.0,1.0,2.0,1.0,1.0,1.0,1.0,1.0,1.0,1.0,1.0,1.0,1.0,1.0
447,riolu,fighting,,1.0,1.0,1.0,1.0,1.0,1.0,1.0,1.0,1.0,2.0,2.0,1.0,1.0,1.0,1.0,1.0,1.0,2.0
448,lucario,fighting,steel,1.0,2.0,1.0,1.0,1.0,1.0,2.0,1.0,2.0,2.0,2.0,1.0,1.0,1.0,1.0,1.0,1.0,2.0
449,hippopotas,ground,,1.0,1.0,2.0,2.0,1.0,2.0,1.0,1.0,1.0,1.0,1.0,1.0,1.0,1.0,1.0,1.0,1.0,1.0
450,hippowdon,ground,,1.0,1.0,2.0,2.0,1.0,2.0,1.0,1.0,1.0,1.0,1.0,1.0,1.0,1.0,1.0,1.0,1.0,1.0
451,skorupi,poison,bug,1.0,2.0,1.0,1.0,1.0,1.0,1.0,1.0,2.0,2.0,2.0,1.0,2.0,1.0,1.0,1.0,1.0,1.0
452,drapion,poison,dark,1.0,1.0,1.0,1.0,1.0,1.0,2.0,1.0,2.0,1.0,2.0,2.0,1.0,1.0,1.0,1.0,1.0,2.0
453,croagunk,poison,fighting,1.0,1.0,1.0,1.0,1.0,1.0,1.0,1.0,2.0,2.0,4.0,1.0,1.0,1.0,1.0,1.0,1.0,2.0
454,toxicroak,poison,fighting,1.0,1.0,1.0,1.0,1.0,1.0,1.0,1.0,2.0,2.0,4.0,1.0,1.0,1.0,1.0,1.0,1.0,2.0
455,carnivine,grass,,1.0,2.0,1.0,1.0,1.0,2.0,1.0,2.0,1.0,2.0,1.0,2.0,1.0,1.0,1.0,1.0,1.0,1.0
456,finneon,water,,1.0,1.0,1.0,2.0,2.0,1.0,1.0,1.0,1.0,1.0,1.0,1.0,1.0,1.0,1.0,1.0,1.0,1.0
457,lumineon,water,,1.0,1.0,1.0,2.0,2.0,1.0,1.0,1.0,1.0,1.0,1.0,1.0,1.0,1.0,1.0,1.0,1.0,1.0
458,mantyke,water,flying,1.0,1.0,1.0,2.0,4.0,2.0,1.0,1.0,1.0,1.0,1.0,1.0,2.0,1.0,1.0,1.0,1.0,1.0
459,snover,grass,ice,1.0,4.0,1.0,1.0,1.0,2.0,2.0,2.0,1.0,2.0,1.0,2.0,2.0,1.0,1.0,1.0,2.0,1.0
460,abomasnow,grass,ice,1.0,4.0,1.0,1.0,1.0,2.0,2.0,2.0,1.0,2.0,1.0,2.0,2.0,1.0,1.0,1.0,2.0,1.0
461,weavile,dark,ice,1.0,2.0,1.0,1.0,1.0,1.0,4.0,1.0,1.0,1.0,1.0,2.0,2.0,1.0,1.0,1.0,2.0,2.0
462,magnezone,electric,steel,1.0,2.0,1.0,1.0,1.0,1.0,2.0,1.0,4.0,1.0,1.0,1.0,1.0,1.0,1.0,1.0,1.0,1.0
463,lickilicky,normal,,1.0,1.0,1.0,1.0,1.0,1.0,2.0,1.0,1.0,1.0,1.0,1.0,1.0,1.0,1.0,1.0,1.0,1.0
464,rhyperior,ground,rock,1.0,1.0,4.0,4.0,1.0,2.0,2.0,1.0,2.0,1.0,1.0,1.0,1.0,1.0,1.0,1.0,2.0,1.0
465,tangrowth,grass,,1.0,2.0,1.0,1.0,1.0,2.0,1.0,2.0,1.0,2.0,1.0,2.0,1.0,1.0,1.0,1.0,1.0,1.0
466,electivire,electric,,1.0,1.0,1.0,1.0,1.0,1.0,1.0,1.0,2.0,1.0,1.0,1.0,1.0,1.0,1.0,1.0,1.0,1.0
467,magmortar,fire,,1.0,1.0,2.0,1.0,1.0,1.0,1.0,1.0,2.0,1.0,1.0,1.0,2.0,1.0,1.0,1.0,1.0,1.0
468,togekiss,fairy,flying,1.0,1.0,1.0,1.0,2.0,2.0,1.0,2.0,1.0,1.0,1.0,1.0,2.0,1.0,1.0,1.0,2.0,1.0
469,yanmega,bug,flying,1.0,2.0,1.0,1.0,2.0,2.0,1.0,1.0,1.0,2.0,1.0,1.0,4.0,1.0,1.0,1.0,1.0,1.0
470,leafeon,grass,,1.0,2.0,1.0,1.0,1.0,2.0,1.0,2.0,1.0,2.0,1.0,2.0,1.0,1.0,1.0,1.0,1.0,1.0
471,glaceon,ice,,1.0,2.0,1.0,1.0,1.0,1.0,2.0,1.0,1.0,1.0,1.0,1.0,2.0,1.0,1.0,1.0,2.0,1.0
472,gliscor,ground,flying,1.0,1.0,2.0,2.0,2.0,4.0,1.0,1.0,1.0,1.0,1.0,1.0,2.0,1.0,1.0,1.0,1.0,1.0
473,mamoswine,ice,ground,1.0,2.0,2.0,2.0,1.0,2.0,2.0,1.0,1.0,1.0,1.0,1.0,2.0,1.0,1.0,1.0,2.0,1.0
474,porygon-z,normal,,1.0,1.0,1.0,1.0,1.0,1.0,2.0,1.0,1.0,1.0,1.0,1.0,1.0,1.0,1.0,1.0,1.0,1.0
475,gallade,psychic,fighting,1.0,1.0,1.0,1.0,1.0,1.0,1.0,1.0,1.0,2.0,2.0,2.0,1.0,2.0,1.0,2.0,1.0,2.0
476,probopass,rock,steel,1.0,2.0,2.0,2.0,1.0,1.0,4.0,1.0,4.0,1.0,1.0,1.0,1.0,1.0,1.0,1.0,2.0,1.0
477,dusknoir,ghost,,1.0,1.0,1.0,1.0,1.0,1.0,1.0,1.0,1.0,1.0,1.0,1.0,1.0,2.0,1.0,2.0,1.0,1.0
478,froslass,ice,ghost,1.0,2.0,1.0,1.0,1.0,1.0,2.0,1.0,1.0,1.0,1.0,1.0,2.0,2.0,1.0,2.0,2.0,1.0
479,rotom,electric,ghost,1.0,1.0,1.0,1.0,1.0,1.0,1.0,1.0,2.0,1.0,1.0,1.0,1.0,2.0,1.0,2.0,1.0,1.0
480,uxie,psychic,,1.0,1.0,1.0,1.0,1.0,1.0,1.0,1.0,1.0,1.0,1.0,2.0,1.0,2.0,1.0,2.0,1.0,1.0
481,mesprit,psychic,,1.0,1.0,1.0,1.0,1.0,1.0,1.0,1.0,1.0,1.0,1.0,2.0,1.0,2.0,1.0,2.0,1.0,1.0
482,azelf,psychic,,1.0,1.0,1.0,1.0,1.0,1.0,1.0,1.0,1.0,1.0,1.0,2.0,1.0,2.0,1.0,2.0,1.0,1.0
483,dialga,steel,dragon,1.0,2.0,1.0,1.0,1.0,2.0,2.0,1.0,2.0,1.0,1.0,1.0,1.0,1.0,2.0,1.0,1.0,2.0
484,palkia,water,dragon,1.0,1.0,1.0,2.0,2.0,2.0,1.0,1.0,1.0,1.0,1.0,1.0,1.0,1.0,2.0,1.0,1.0,2.0
485,heatran,fire,steel,1.0,2.0,2.0,1.0,1.0,1.0,2.0,1.0,4.0,1.0,1.0,1.0,2.0,1.0,1.0,1.0,1.0,1.0
486,regigigas,normal,,1.0,1.0,1.0,1.0,1.0,1.0,2.0,1.0,1.0,1.0,1.0,1.0,1.0,1.0,1.0,1.0,1.0,1.0
487,giratina-altered,ghost,dragon,1.0,1.0,1.0,1.0,1.0,2.0,1.0,1.0,1.0,1.0,1.0,1.0,1.0,2.0,2.0,2.0,1.0,2.0
488,cresselia,psychic,,1.0,1.0,1.0,1.0,1.0,1.0,1.0,1.0,1.0,1.0,1.0,2.0,1.0,2.0,1.0,2.0,1.0,1.0
489,phione,water,,1.0,1.0,1.0,2.0,2.0,1.0,1.0,1.0,1.0,1.0,1.0,1.0,1.0,1.0,1.0,1.0,1.0,1.0
490,manaphy,water,,1.0,1.0,1.0,2.0,2.0,1.0,1.0,1.0,1.0,1.0,1.0,1.0,1.0,1.0,1.0,1.0,1.0,1.0
491,darkrai,dark,,1.0,1.0,1.0,1.0,1.0,1.0,2.0,1.0,1.0,1.0,1.0,2.0,1.0,1.0,1.0,1.0,1.0,2.0
492,shaymin-land,grass,,1.0,2.0,1.0,1.0,1.0,2.0,1.0,2.0,1.0,2.0,1.0,2.0,1.0,1.0,1.0,1.0,1.0,1.0
493,arceus,normal,,1.0,1.0,1.0,1.0,1.0,1.0,2.0,1.0,1.0,1.0,1.0,1.0,1.0,1.0,1.0,1.0,1.0,1.0
494,victini,psychic,fire,1.0,1.0,2.0,1.0,1.0,1.0,1.0,1.0,2.0,1.0,1.0,2.0,2.0,2.0,1.0,2.0,1.0,1.0
495,snivy,grass,,1.0,2.0,1.0,1.0,1.0,2.0,1.0,2.0,1.0,2.0,1.0,2.0,1.0,1.0,1.0,1.0,1.0,1.0
496,servine,grass,,1.0,2.0,1.0,1.0,1.0,2.0,1.0,2.0,1.0,2.0,1.0,2.0,1.0,1.0,1.0,1.0,1.0,1.0
497,serperior,grass,,1.0,2.0,1.0,1.0,1.0,2.0,1.0,2.0,1.0,2.0,1.0,2.0,1.0,1.0,1.0,1.0,1.0,1.0
498,tepig,fire,,1.0,1.0,2.0,1.0,1.0,1.0,1.0,1.0,2.0,1.0,1.0,1.0,2.0,1.0,1.0,1.0,1.0,1.0
499,pignite,fire,fighting,1.0,1.0,2.0,1.0,1.0,1.0,1.0,1.0,2.0,2.0,2.0,1.0,2.0,1.0,1.0,1.0,1.0,2.0
500,emboar,fire,fighting,1.0,1.0,2.0,1.0,1.0,1.0,1.0,1.0,2.0,2.0,2.0,1.0,2.0,1.0,1.0,1.0,1.0,2.0
501,oshawott,water,,1.0,1.0,1.0,2.0,2.0,1.0,1.0,1.0,1.0,1.0,1.0,1.0,1.0,1.0,1.0,1.0,1.0,1.0
502,dewott,water,,1.0,1.0,1.0,2.0,2.0,1.0,1.0,1.0,1.0,1.0,1.0,1.0,1.0,1.0,1.0,1.0,1.0,1.0
503,samurott,water,,1.0,1.0,1.0,2.0,2.0,1.0,1.0,1.0,1.0,1.0,1.0,1.0,1.0,1.0,1.0,1.0,1.0,1.0
504,patrat,normal,,1.0,1.0,1.0,1.0,1.0,1.0,2.0,1.0,1.0,1.0,1.0,1.0,1.0,1.0,1.0,1.0,1.0,1.0
505,watchog,normal,,1.0,1.0,1.0,1.0,1.0,1.0,2.0,1.0,1.0,1.0,1.0,1.0,1.0,1.0,1.0,1.0,1.0,1.0
506,lillipup,normal,,1.0,1.0,1.0,1.0,1.0,1.0,2.0,1.0,1.0,1.0,1.0,1.0,1.0,1.0,1.0,1.0,1.0,1.0
507,herdier,normal,,1.0,1.0,1.0,1.0,1.0,1.0,2.0,1.0,1.0,1.0,1.0,1.0,1.0,1.0,1.0,1.0,1.0,1.0
508,stoutland,normal,,1.0,1.0,1.0,1.0,1.0,1.0,2.0,1.0,1.0,1.0,1.0,1.0,1.0,1.0,1.0,1.0,1.0,1.0
509,purrloin,dark,,1.0,1.0,1.0,1.0,1.0,1.0,2.0,1.0,1.0,1.0,1.0,2.0,1.0,1.0,1.0,1.0,1.0,2.0
510,liepard,dark,,1.0,1.0,1.0,1.0,1.0,1.0,2.0,1.0,1.0,1.0,1.0,2.0,1.0,1.0,1.0,1.0,1.0,2.0
511,pansage,grass,,1.0,2.0,1.0,1.0,1.0,2.0,1.0,2.0,1.0,2.0,1.0,2.0,1.0,1.0,1.0,1.0,1.0,1.0
512,simisage,grass,,1.0,2.0,1.0,1.0,1.0,2.0,1.0,2.0,1.0,2.0,1.0,2.0,1.0,1.0,1.0,1.0,1.0,1.0
513,pansear,fire,,1.0,1.0,2.0,1.0,1.0,1.0,1.0,1.0,2.0,1.0,1.0,1.0,2.0,1.0,1.0,1.0,1.0,1.0
514,simisear,fire,,1.0,1.0,2.0,1.0,1.0,1.0,1.0,1.0,2.0,1.0,1.0,1.0,2.0,1.0,1.0,1.0,1.0,1.0
515,panpour,water,,1.0,1.0,1.0,2.0,2.0,1.0,1.0,1.0,1.0,1.0,1.0,1.0,1.0,1.0,1.0,1.0,1.0,1.0
516,simipour,water,,1.0,1.0,1.0,2.0,2.0,1.0,1.0,1.0,1.0,1.0,1.0,1.0,1.0,1.0,1.0,1.0,1.0,1.0
517,munna,psychic,,1.0,1.0,1.0,1.0,1.0,1.0,1.0,1.0,1.0,1.0,1.0,2.0,1.0,2.0,1.0,2.0,1.0,1.0
518,musharna,psychic,,1.0,1.0,1.0,1.0,1.0,1.0,1.0,1.0,1.0,1.0,1.0,2.0,1.0,2.0,1.0,2.0,1.0,1.0
519,pidove,normal,flying,1.0,1.0,1.0,1.0,2.0,2.0,2.0,1.0,1.0,1.0,1.0,1.0,2.0,1.0,1.0,1.0,1.0,1.0
520,tranquill,normal,flying,1.0,1.0,1.0,1.0,2.0,2.0,2.0,1.0,1.0,1.0,1.0,1.0,2.0,1.0,1.0,1.0,1.0,1.0
521,unfezant,normal,flying,1.0,1.0,1.0,1.0,2.0,2.0,2.0,1.0,1.0,1.0,1.0,1.0,2.0,1.0,1.0,1.0,1.0,1.0
522,blitzle,electric,,1.0,1.0,1.0,1.0,1.0,1.0,1.0,1.0,2.0,1.0,1.0,1.0,1.0,1.0,1.0,1.0,1.0,1.0
523,zebstrika,electric,,1.0,1.0,1.0,1.0,1.0,1.0,1.0,1.0,2.0,1.0,1.0,1.0,1.0,1.0,1.0,1.0,1.0,1.0
524,roggenrola,rock,,1.0,1.0,2.0,2.0,1.0,1.0,2.0,1.0,2.0,1.0,1.0,1.0,1.0,1.0,1.0,1.0,2.0,1.0
525,boldore,rock,,1.0,1.0,2.0,2.0,1.0,1.0,2.0,1.0,2.0,1.0,1.0,1.0,1.0,1.0,1.0,1.0,2.0,1.0
526,gigalith,rock,,1.0,1.0,2.0,2.0,1.0,1.0,2.0,1.0,2.0,1.0,1.0,1.0,1.0,1.0,1.0,1.0,2.0,1.0
527,woobat,psychic,flying,1.0,1.0,1.0,1.0,2.0,2.0,1.0,1.0,1.0,1.0,1.0,2.0,2.0,2.0,1.0,2.0,1.0,1.0
528,swoobat,psychic,flying,1.0,1.0,1.0,1.0,2.0,2.0,1.0,1.0,1.0,1.0,1.0,2.0,2.0,2.0,1.0,2.0,1.0,1.0
529,drilbur,ground,,1.0,1.0,2.0,2.0,1.0,2.0,1.0,1.0,1.0,1.0,1.0,1.0,1.0,1.0,1.0,1.0,1.0,1.0
530,excadrill,ground,steel,1.0,2.0,2.0,2.0,1.0,2.0,2.0,1.0,2.0,1.0,1.0,1.0,1.0,1.0,1.0,1.0,1.0,1.0
531,audino,normal,,1.0,1.0,1.0,1.0,1.0,1.0,2.0,1.0,1.0,1.0,1.0,1.0,1.0,1.0,1.0,1.0,1.0,1.0
532,timburr,fighting,,1.0,1.0,1.0,1.0,1.0,1.0,1.0,1.0,1.0,2.0,2.0,1.0,1.0,1.0,1.0,1.0,1.0,2.0
533,gurdurr,fighting,,1.0,1.0,1.0,1.0,1.0,1.0,1.0,1.0,1.0,2.0,2.0,1.0,1.0,1.0,1.0,1.0,1.0,2.0
534,conkeldurr,fighting,,1.0,1.0,1.0,1.0,1.0,1.0,1.0,1.0,1.0,2.0,2.0,1.0,1.0,1.0,1.0,1.0,1.0,2.0
535,tympole,water,,1.0,1.0,1.0,2.0,2.0,1.0,1.0,1.0,1.0,1.0,1.0,1.0,1.0,1.0,1.0,1.0,1.0,1.0
536,palpitoad,water,ground,1.0,1.0,2.0,4.0,2.0,2.0,1.0,1.0,1.0,1.0,1.0,1.0,1.0,1.0,1.0,1.0,1.0,1.0
537,seismitoad,water,ground,1.0,1.0,2.0,4.0,2.0,2.0,1.0,1.0,1.0,1.0,1.0,1.0,1.0,1.0,1.0,1.0,1.0,1.0
538,throh,fighting,,1.0,1.0,1.0,1.0,1.0,1.0,1.0,1.0,1.0,2.0,2.0,1.0,1.0,1.0,1.0,1.0,1.0,2.0
539,sawk,fighting,,1.0,1.0,1.0,1.0,1.0,1.0,1.0,1.0,1.0,2.0,2.0,1.0,1.0,1.0,1.0,1.0,1.0,2.0
540,sewaddle,bug,grass,1.0,4.0,1.0,1.0,1.0,2.0,1.0,2.0,1.0,4.0,1.0,2.0,2.0,1.0,1.0,1.0,1.0,1.0
541,swadloon,bug,grass,1.0,4.0,1.0,1.0,1.0,2.0,1.0,2.0,1.0,4.0,1.0,2.0,2.0,1.0,1.0,1.0,1.0,1.0
542,leavanny,bug,grass,1.0,4.0,1.0,1.0,1.0,2.0,1.0,2.0,1.0,4.0,1.0,2.0,2.0,1.0,1.0,1.0,1.0,1.0
543,venipede,bug,poison,1.0,2.0,1.0,1.0,1.0,1.0,1.0,1.0,2.0,2.0,2.0,1.0,2.0,1.0,1.0,1.0,1.0,1.0
544,whirlipede,bug,poison,1.0,2.0,1.0,1.0,1.0,1.0,1.0,1.0,2.0,2.0,2.0,1.0,2.0,1.0,1.0,1.0,1.0,1.0
545,scolipede,bug,poison,1.0,2.0,1.0,1.0,1.0,1.0,1.0,1.0,2.0,2.0,2.0,1.0,2.0,1.0,1.0,1.0,1.0,1.0
546,cottonee,grass,fairy,1.0,2.0,1.0,1.0,1.0,2.0,1.0,4.0,1.0,2.0,1.0,2.0,1.0,1.0,1.0,1.0,2.0,1.0
547,whimsicott,grass,fairy,1.0,2.0,1.0,1.0,1.0,2.0,1.0,4.0,1.0,2.0,1.0,2.0,1.0,1.0,1.0,1.0,2.0,1.0
548,petilil,grass,,1.0,2.0,1.0,1.0,1.0,2.0,1.0,2.0,1.0,2.0,1.0,2.0,1.0,1.0,1.0,1.0,1.0,1.0
549,lilligant,grass,,1.0,2.0,1.0,1.0,1.0,2.0,1.0,2.0,1.0,2.0,1.0,2.0,1.0,1.0,1.0,1.0,1.0,1.0
550,basculin-red-striped,water,,1.0,1.0,1.0,2.0,2.0,1.0,1.0,1.0,1.0,1.0,1.0,1.0,1.0,1.0,1.0,1.0,1.0,1.0
551,sandile,ground,dark,1.0,1.0,2.0,2.0,1.0,2.0,2.0,1.0,1.0,1.0,1.0,2.0,1.0,1.0,1.0,1.0,1.0,2.0
552,krokorok,ground,dark,1.0,1.0,2.0,2.0,1.0,2.0,2.0,1.0,1.0,1.0,1.0,2.0,1.0,1.0,1.0,1.0,1.0,2.0
553,krookodile,ground,dark,1.0,1.0,2.0,2.0,1.0,2.0,2.0,1.0,1.0,1.0,1.0,2.0,1.0,1.0,1.0,1.0,1.0,2.0
554,darumaka,fire,,1.0,1.0,2.0,1.0,1.0,1.0,1.0,1.0,2.0,1.0,1.0,1.0,2.0,1.0,1.0,1.0,1.0,1.0
555,darmanitan-standard,fire,,1.0,1.0,2.0,1.0,1.0,1.0,1.0,1.0,2.0,1.0,1.0,1.0,2.0,1.0,1.0,1.0,1.0,1.0
556,maractus,grass,,1.0,2.0,1.0,1.0,1.0,2.0,1.0,2.0,1.0,2.0,1.0,2.0,1.0,1.0,1.0,1.0,1.0,1.0
557,dwebble,bug,rock,1.0,2.0,2.0,2.0,1.0,1.0,2.0,1.0,2.0,2.0,1.0,1.0,2.0,1.0,1.0,1.0,2.0,1.0
558,crustle,bug,rock,1.0,2.0,2.0,2.0,1.0,1.0,2.0,1.0,2.0,2.0,1.0,1.0,2.0,1.0,1.0,1.0,2.0,1.0
559,scraggy,dark,fighting,1.0,1.0,1.0,1.0,1.0,1.0,2.0,1.0,1.0,2.0,2.0,2.0,1.0,1.0,1.0,1.0,1.0,4.0
560,scrafty,dark,fighting,1.0,1.0,1.0,1.0,1.0,1.0,2.0,1.0,1.0,2.0,2.0,2.0,1.0,1.0,1.0,1.0,1.0,4.0
561,sigilyph,psychic,flying,1.0,1.0,1.0,1.0,2.0,2.0,1.0,1.0,1.0,1.0,1.0,2.0,2.0,2.0,1.0,2.0,1.0,1.0
562,yamask,ghost,,1.0,1.0,1.0,1.0,1.0,1.0,1.0,1.0,1.0,1.0,1.0,1.0,1.0,2.0,1.0,2.0,1.0,1.0
563,cofagrigus,ghost,,1.0,1.0,1.0,1.0,1.0,1.0,1.0,1.0,1.0,1.0,1.0,1.0,1.0,2.0,1.0,2.0,1.0,1.0
564,tirtouga,water,rock,1.0,1.0,2.0,4.0,2.0,1.0,2.0,1.0,2.0,1.0,1.0,1.0,1.0,1.0,1.0,1.0,2.0,1.0
565,carracosta,water,rock,1.0,1.0,2.0,4.0,2.0,1.0,2.0,1.0,2.0,1.0,1.0,1.0,1.0,1.0,1.0,1.0,2.0,1.0
566,archen,rock,flying,1.0,1.0,2.0,2.0,2.0,2.0,2.0,1.0,2.0,1.0,1.0,1.0,2.0,1.0,1.0,1.0,2.0,1.0
567,archeops,rock,flying,1.0,1.0,2.0,2.0,2.0,2.0,2.0,1.0,2.0,1.0,1.0,1.0,2.0,1.0,1.0,1.0,2.0,1.0
568,trubbish,poison,,1.0,1.0,1.0,1.0,1.0,1.0,1.0,1.0,2.0,1.0,2.0,1.0,1.0,1.0,1.0,1.0,1.0,1.0
569,garbodor,poison,,1.0,1.0,1.0,1.0,1.0,1.0,1.0,1.0,2.0,1.0,2.0,1.0,1.0,1.0,1.0,1.0,1.0,1.0
570,zorua,dark,,1.0,1.0,1.0,1.0,1.0,1.0,2.0,1.0,1.0,1.0,1.0,2.0,1.0,1.0,1.0,1.0,1.0,2.0
571,zoroark,dark,,1.0,1.0,1.0,1.0,1.0,1.0,2.0,1.0,1.0,1.0,1.0,2.0,1.0,1.0,1.0,1.0,1.0,2.0
572,minccino,normal,,1.0,1.0,1.0,1.0,1.0,1.0,2.0,1.0,1.0,1.0,1.0,1.0,1.0,1.0,1.0,1.0,1.0,1.0
573,cinccino,normal,,1.0,1.0,1.0,1.0,1.0,1.0,2.0,1.0,1.0,1.0,1.0,1.0,1.0,1.0,1.0,1.0,1.0,1.0
574,gothita,psychic,,1.0,1.0,1.0,1.0,1.0,1.0,1.0,1.0,1.0,1.0,1.0,2.0,1.0,2.0,1.0,2.0,1.0,1.0
575,gothorita,psychic,,1.0,1.0,1.0,1.0,1.0,1.0,1.0,1.0,1.0,1.0,1.0,2.0,1.0,2.0,1.0,2.0,1.0,1.0
576,gothitelle,psychic,,1.0,1.0,1.0,1.0,1.0,1.0,1.0,1.0,1.0,1.0,1.0,2.0,1.0,2.0,1.0,2.0,1.0,1.0
577,solosis,psychic,,1.0,1.0,1.0,1.0,1.0,1.0,1.0,1.0,1.0,1.0,1.0,2.0,1.0,2.0,1.0,2.0,1.0,1.0
578,duosion,psychic,,1.0,1.0,1.0,1.0,1.0,1.0,1.0,1.0,1.0,1.0,1.0,2.0,1.0,2.0,1.0,2.0,1.0,1.0
579,reuniclus,psychic,,1.0,1.0,1.0,1.0,1.0,1.0,1.0,1.0,1.0,1.0,1.0,2.0,1.0,2.0,1.0,2.0,1.0,1.0
580,ducklett,water,flying,1.0,1.0,1.0,2.0,4.0,2.0,1.0,1.0,1.0,1.0,1.0,1.0,2.0,1.0,1.0,1.0,1.0,1.0
581,swanna,water,flying,1.0,1.0,1.0,2.0,4.0,2.0,1.0,1.0,1.0,1.0,1.0,1.0,2.0,1.0,1.0,1.0,1.0,1.0
582,vanillite,ice,,1.0,2.0,1.0,1.0,1.0,1.0,2.0,1.0,1.0,1.0,1.0,1.0,2.0,1.0,1.0,1.0,2.0,1.0
583,vanillish,ice,,1.0,2.0,1.0,1.0,1.0,1.0,2.0,1.0,1.0,1.0,1.0,1.0,2.0,1.0,1.0,1.0,2.0,1.0
584,vanilluxe,ice,,1.0,2.0,1.0,1.0,1.0,1.0,2.0,1.0,1.0,1.0,1.0,1.0,2.0,1.0,1.0,1.0,2.0,1.0
585,deerling,normal,grass,1.0,2.0,1.0,1.0,1.0,2.0,2.0,2.0,1.0,2.0,1.0,2.0,1.0,1.0,1.0,1.0,1.0,1.0
586,sawsbuck,normal,grass,1.0,2.0,1.0,1.0,1.0,2.0,2.0,2.0,1.0,2.0,1.0,2.0,1.0,1.0,1.0,1.0,1.0,1.0
587,emolga,electric,flying,1.0,1.0,1.0,1.0,2.0,2.0,1.0,1.0,2.0,1.0,1.0,1.0,2.0,1.0,1.0,1.0,1.0,1.0
588,karrablast,bug,,1.0,2.0,1.0,1.0,1.0,1.0,1.0,1.0,1.0,2.0,1.0,1.0,2.0,1.0,1.0,1.0,1.0,1.0
589,escavalier,bug,steel,1.0,4.0,1.0,1.0,1.0,1.0,2.0,1.0,2.0,2.0,1.0,1.0,2.0,1.0,1.0,1.0,1.0,1.0
590,foongus,grass,poison,1.0,2.0,1.0,1.0,1.0,2.0,1.0,2.0,2.0,2.0,2.0,2.0,1.0,1.0,1.0,1.0,1.0,1.0
591,amoonguss,grass,poison,1.0,2.0,1.0,1.0,1.0,2.0,1.0,2.0,2.0,2.0,2.0,2.0,1.0,1.0,1.0,1.0,1.0,1.0
592,frillish,water,ghost,1.0,1.0,1.0,2.0,2.0,1.0,1.0,1.0,1.0,1.0,1.0,1.0,1.0,2.0,1.0,2.0,1.0,1.0
593,jellicent,water,ghost,1.0,1.0,1.0,2.0,2.0,1.0,1.0,1.0,1.0,1.0,1.0,1.0,1.0,2.0,1.0,2.0,1.0,1.0
594,alomomola,water,,1.0,1.0,1.0,2.0,2.0,1.0,1.0,1.0,1.0,1.0,1.0,1.0,1.0,1.0,1.0,1.0,1.0,1.0
595,joltik,bug,electric,1.0,2.0,1.0,1.0,1.0,1.0,1.0,1.0,2.0,2.0,1.0,1.0,2.0,1.0,1.0,1.0,1.0,1.0
596,galvantula,bug,electric,1.0,2.0,1.0,1.0,1.0,1.0,1.0,1.0,2.0,2.0,1.0,1.0,2.0,1.0,1.0,1.0,1.0,1.0
597,ferroseed,grass,steel,1.0,4.0,1.0,1.0,1.0,2.0,2.0,2.0,2.0,2.0,1.0,2.0,1.0,1.0,1.0,1.0,1.0,1.0
598,ferrothorn,grass,steel,1.0,4.0,1.0,1.0,1.0,2.0,2.0,2.0,2.0,2.0,1.0,2.0,1.0,1.0,1.0,1.0,1.0,1.0
599,klink,steel,,1.0,2.0,1.0,1.0,1.0,1.0,2.0,1.0,2.0,1.0,1.0,1.0,1.0,1.0,1.0,1.0,1.0,1.0
600,klang,steel,,1.0,2.0,1.0,1.0,1.0,1.0,2.0,1.0,2.0,1.0,1.0,1.0,1.0,1.0,1.0,1.0,1.0,1.0
601,klinklang,steel,,1.0,2.0,1.0,1.0,1.0,1.0,2.0,1.0,2.0,1.0,1.0,1.0,1.0,1.0,1.0,1.0,1.0,1.0
602,tynamo,electric,,1.0,1.0,1.0,1.0,1.0,1.0,1.0,1.0,2.0,1.0,1.0,1.0,1.0,1.0,1.0,1.0,1.0,1.0
603,eelektrik,electric,,1.0,1.0,1.0,1.0,1.0,1.0,1.0,1.0,2.0,1.0,1.0,1.0,1.0,1.0,1.0,1.0,1.0,1.0
604,eelektross,electric,,1.0,1.0,1.0,1.0,1.0,1.0,1.0,1.0,2.0,1.0,1.0,1.0,1.0,1.0,1.0,1.0,1.0,1.0
605,elgyem,psychic,,1.0,1.0,1.0,1.0,1.0,1.0,1.0,1.0,1.0,1.0,1.0,2.0,1.0,2.0,1.0,2.0,1.0,1.0
606,beheeyem,psychic,,1.0,1.0,1.0,1.0,1.0,1.0,1.0,1.0,1.0,1.0,1.0,2.0,1.0,2.0,1.0,2.0,1.0,1.0
607,litwick,ghost,fire,1.0,1.0,2.0,1.0,1.0,1.0,1.0,1.0,2.0,1.0,1.0,1.0,2.0,2.0,1.0,2.0,1.0,1.0
608,lampent,ghost,fire,1.0,1.0,2.0,1.0,1.0,1.0,1.0,1.0,2.0,1.0,1.0,1.0,2.0,2.0,1.0,2.0,1.0,1.0
609,chandelure,ghost,fire,1.0,1.0,2.0,1.0,1.0,1.0,1.0,1.0,2.0,1.0,1.0,1.0,2.0,2.0,1.0,2.0,1.0,1.0
610,axew,dragon,,1.0,1.0,1.0,1.0,1.0,2.0,1.0,1.0,1.0,1.0,1.0,1.0,1.0,1.0,2.0,1.0,1.0,2.0
611,fraxure,dragon,,1.0,1.0,1.0,1.0,1.0,2.0,1.0,1.0,1.0,1.0,1.0,1.0,1.0,1.0,2.0,1.0,1.0,2.0
612,haxorus,dragon,,1.0,1.0,1.0,1.0,1.0,2.0,1.0,1.0,1.0,1.0,1.0,1.0,1.0,1.0,2.0,1.0,1.0,2.0
613,cubchoo,ice,,1.0,2.0,1.0,1.0,1.0,1.0,2.0,1.0,1.0,1.0,1.0,1.0,2.0,1.0,1.0,1.0,2.0,1.0
614,beartic,ice,,1.0,2.0,1.0,1.0,1.0,1.0,2.0,1.0,1.0,1.0,1.0,1.0,2.0,1.0,1.0,1.0,2.0,1.0
615,cryogonal,ice,,1.0,2.0,1.0,1.0,1.0,1.0,2.0,1.0,1.0,1.0,1.0,1.0,2.0,1.0,1.0,1.0,2.0,1.0
616,shelmet,bug,,1.0,2.0,1.0,1.0,1.0,1.0,1.0,1.0,1.0,2.0,1.0,1.0,2.0,1.0,1.0,1.0,1.0,1.0
617,accelgor,bug,,1.0,2.0,1.0,1.0,1.0,1.0,1.0,1.0,1.0,2.0,1.0,1.0,2.0,1.0,1.0,1.0,1.0,1.0
618,stunfisk,ground,electric,1.0,1.0,2.0,2.0,1.0,2.0,1.0,1.0,2.0,1.0,1.0,1.0,1.0,1.0,1.0,1.0,1.0,1.0
619,mienfoo,fighting,,1.0,1.0,1.0,1.0,1.0,1.0,1.0,1.0,1.0,2.0,2.0,1.0,1.0,1.0,1.0,1.0,1.0,2.0
620,mienshao,fighting,,1.0,1.0,1.0,1.0,1.0,1.0,1.0,1.0,1.0,2.0,2.0,1.0,1.0,1.0,1.0,1.0,1.0,2.0
621,druddigon,dragon,,1.0,1.0,1.0,1.0,1.0,2.0,1.0,1.0,1.0,1.0,1.0,1.0,1.0,1.0,2.0,1.0,1.0,2.0
622,golett,ground,ghost,1.0,1.0,2.0,2.0,1.0,2.0,1.0,1.0,1.0,1.0,1.0,1.0,1.0,2.0,1.0,2.0,1.0,1.0
623,golurk,ground,ghost,1.0,1.0,2.0,2.0,1.0,2.0,1.0,1.0,1.0,1.0,1.0,1.0,1.0,2.0,1.0,2.0,1.0,1.0
624,pawniard,dark,steel,1.0,2.0,1.0,1.0,1.0,1.0,4.0,1.0,2.0,1.0,1.0,2.0,1.0,1.0,1.0,1.0,1.0,2.0
625,bisharp,dark,steel,1.0,2.0,1.0,1.0,1.0,1.0,4.0,1.0,2.0,1.0,1.0,2.0,1.0,1.0,1.0,1.0,1.0,2.0
626,bouffalant,normal,,1.0,1.0,1.0,1.0,1.0,1.0,2.0,1.0,1.0,1.0,1.0,1.0,1.0,1.0,1.0,1.0,1.0,1.0
627,rufflet,normal,flying,1.0,1.0,1.0,1.0,2.0,2.0,2.0,1.0,1.0,1.0,1.0,1.0,2.0,1.0,1.0,1.0,1.0,1.0
628,braviary,normal,flying,1.0,1.0,1.0,1.0,2.0,2.0,2.0,1.0,1.0,1.0,1.0,1.0,2.0,1.0,1.0,1.0,1.0,1.0
629,vullaby,dark,flying,1.0,1.0,1.0,1.0,2.0,2.0,2.0,1.0,1.0,1.0,1.0,2.0,2.0,1.0,1.0,1.0,1.0,2.0
630,mandibuzz,dark,flying,1.0,1.0,1.0,1.0,2.0,2.0,2.0,1.0,1.0,1.0,1.0,2.0,2.0,1.0,1.0,1.0,1.0,2.0
631,heatmor,fire,,1.0,1.0,2.0,1.0,1.0,1.0,1.0,1.0,2.0,1.0,1.0,1.0,2.0,1.0,1.0,1.0,1.0,1.0
632,durant,bug,steel,1.0,4.0,1.0,1.0,1.0,1.0,2.0,1.0,2.0,2.0,1.0,1.0,2.0,1.0,1.0,1.0,1.0,1.0
633,deino,dark,dragon,1.0,1.0,1.0,1.0,1.0,2.0,2.0,1.0,1.0,1.0,1.0,2.0,1.0,1.0,2.0,1.0,1.0,4.0
634,zweilous,dark,dragon,1.0,1.0,1.0,1.0,1.0,2.0,2.0,1.0,1.0,1.0,1.0,2.0,1.0,1.0,2.0,1.0,1.0,4.0
635,hydreigon,dark,dragon,1.0,1.0,1.0,1.0,1.0,2.0,2.0,1.0,1.0,1.0,1.0,2.0,1.0,1.0,2.0,1.0,1.0,4.0
636,larvesta,bug,fire,1.0,2.0,2.0,1.0,1.0,1.0,1.0,1.0,2.0,2.0,1.0,1.0,4.0,1.0,1.0,1.0,1.0,1.0
637,volcarona,bug,fire,1.0,2.0,2.0,1.0,1.0,1.0,1.0,1.0,2.0,2.0,1.0,1.0,4.0,1.0,1.0,1.0,1.0,1.0
638,cobalion,steel,fighting,1.0,2.0,1.0,1.0,1.0,1.0,2.0,1.0,2.0,2.0,2.0,1.0,1.0,1.0,1.0,1.0,1.0,2.0
639,terrakion,rock,fighting,1.0,1.0,2.0,2.0,1.0,1.0,2.0,1.0,2.0,2.0,2.0,1.0,1.0,1.0,1.0,1.0,2.0,2.0
640,virizion,grass,fighting,1.0,2.0,1.0,1.0,1.0,2.0,1.0,2.0,1.0,4.0,2.0,2.0,1.0,1.0,1.0,1.0,1.0,2.0
641,tornadus-incarnate,flying,,1.0,1.0,1.0,1.0,2.0,2.0,1.0,1.0,1.0,1.0,1.0,1.0,2.0,1.0,1.0,1.0,1.0,1.0
642,thundurus-incarnate,electric,flying,1.0,1.0,1.0,1.0,2.0,2.0,1.0,1.0,2.0,1.0,1.0,1.0,2.0,1.0,1.0,1.0,1.0,1.0
643,reshiram,dragon,fire,1.0,1.0,2.0,1.0,1.0,2.0,1.0,1.0,2.0,1.0,1.0,1.0,2.0,1.0,2.0,1.0,1.0,2.0
644,zekrom,dragon,electric,1.0,1.0,1.0,1.0,1.0,2.0,1.0,1.0,2.0,1.0,1.0,1.0,1.0,1.0,2.0,1.0,1.0,2.0
645,landorus-incarnate,ground,flying,1.0,1.0,2.0,2.0,2.0,4.0,1.0,1.0,1.0,1.0,1.0,1.0,2.0,1.0,1.0,1.0,1.0,1.0
646,kyurem,dragon,ice,1.0,2.0,1.0,1.0,1.0,2.0,2.0,1.0,1.0,1.0,1.0,1.0,2.0,1.0,2.0,1.0,2.0,2.0
647,keldeo-ordinary,water,fighting,1.0,1.0,1.0,2.0,2.0,1.0,1.0,1.0,1.0,2.0,2.0,1.0,1.0,1.0,1.0,1.0,1.0,2.0
648,meloetta-aria,normal,psychic,1.0,1.0,1.0,1.0,1.0,1.0,2.0,1.0,1.0,1.0,1.0,2.0,1.0,2.0,1.0,2.0,1.0,1.0
649,genesect,bug,steel,1.0,4.0,1.0,1.0,1.0,1.0,2.0,1.0,2.0,2.0,1.0,1.0,2.0,1.0,1.0,1.0,1.0,1.0
650,chespin,grass,,1.0,2.0,1.0,1.0,1.0,2.0,1.0,2.0,1.0,2.0,1.0,2.0,1.0,1.0,1.0,1.0,1.0,1.0
651,quilladin,grass,,1.0,2.0,1.0,1.0,1.0,2.0,1.0,2.0,1.0,2.0,1.0,2.0,1.0,1.0,1.0,1.0,1.0,1.0
652,chesnaught,grass,fighting,1.0,2.0,1.0,1.0,1.0,2.0,1.0,2.0,1.0,4.0,2.0,2.0,1.0,1.0,1.0,1.0,1.0,2.0
653,fennekin,fire,,1.0,1.0,2.0,1.0,1.0,1.0,1.0,1.0,2.0,1.0,1.0,1.0,2.0,1.0,1.0,1.0,1.0,1.0
654,braixen,fire,,1.0,1.0,2.0,1.0,1.0,1.0,1.0,1.0,2.0,1.0,1.0,1.0,2.0,1.0,1.0,1.0,1.0,1.0
655,delphox,fire,psychic,1.0,1.0,2.0,1.0,1.0,1.0,1.0,1.0,2.0,1.0,1.0,2.0,2.0,2.0,1.0,2.0,1.0,1.0
656,froakie,water,,1.0,1.0,1.0,2.0,2.0,1.0,1.0,1.0,1.0,1.0,1.0,1.0,1.0,1.0,1.0,1.0,1.0,1.0
657,frogadier,water,,1.0,1.0,1.0,2.0,2.0,1.0,1.0,1.0,1.0,1.0,1.0,1.0,1.0,1.0,1.0,1.0,1.0,1.0
658,greninja,water,dark,1.0,1.0,1.0,2.0,2.0,1.0,2.0,1.0,1.0,1.0,1.0,2.0,1.0,1.0,1.0,1.0,1.0,2.0
659,bunnelby,normal,,1.0,1.0,1.0,1.0,1.0,1.0,2.0,1.0,1.0,1.0,1.0,1.0,1.0,1.0,1.0,1.0,1.0,1.0
660,diggersby,normal,ground,1.0,1.0,2.0,2.0,1.0,2.0,2.0,1.0,1.0,1.0,1.0,1.0,1.0,1.0,1.0,1.0,1.0,1.0
661,fletchling,normal,flying,1.0,1.0,1.0,1.0,2.0,2.0,2.0,1.0,1.0,1.0,1.0,1.0,2.0,1.0,1.0,1.0,1.0,1.0
662,fletchinder,fire,flying,1.0,1.0,2.0,1.0,2.0,2.0,1.0,1.0,2.0,1.0,1.0,1.0,4.0,1.0,1.0,1.0,1.0,1.0
663,talonflame,fire,flying,1.0,1.0,2.0,1.0,2.0,2.0,1.0,1.0,2.0,1.0,1.0,1.0,4.0,1.0,1.0,1.0,1.0,1.0
664,scatterbug,bug,,1.0,2.0,1.0,1.0,1.0,1.0,1.0,1.0,1.0,2.0,1.0,1.0,2.0,1.0,1.0,1.0,1.0,1.0
665,spewpa,bug,,1.0,2.0,1.0,1.0,1.0,1.0,1.0,1.0,1.0,2.0,1.0,1.0,2.0,1.0,1.0,1.0,1.0,1.0
666,vivillon,bug,flying,1.0,2.0,1.0,1.0,2.0,2.0,1.0,1.0,1.0,2.0,1.0,1.0,4.0,1.0,1.0,1.0,1.0,1.0
667,litleo,fire,normal,1.0,1.0,2.0,1.0,1.0,1.0,2.0,1.0,2.0,1.0,1.0,1.0,2.0,1.0,1.0,1.0,1.0,1.0
668,pyroar,fire,normal,1.0,1.0,2.0,1.0,1.0,1.0,2.0,1.0,2.0,1.0,1.0,1.0,2.0,1.0,1.0,1.0,1.0,1.0
669,flabebe,fairy,,1.0,1.0,1.0,1.0,1.0,1.0,1.0,2.0,1.0,1.0,1.0,1.0,1.0,1.0,1.0,1.0,2.0,1.0
670,floette,fairy,,1.0,1.0,1.0,1.0,1.0,1.0,1.0,2.0,1.0,1.0,1.0,1.0,1.0,1.0,1.0,1.0,2.0,1.0
671,florges,fairy,,1.0,1.0,1.0,1.0,1.0,1.0,1.0,2.0,1.0,1.0,1.0,1.0,1.0,1.0,1.0,1.0,2.0,1.0
672,skiddo,grass,,1.0,2.0,1.0,1.0,1.0,2.0,1.0,2.0,1.0,2.0,1.0,2.0,1.0,1.0,1.0,1.0,1.0,1.0
673,gogoat,grass,,1.0,2.0,1.0,1.0,1.0,2.0,1.0,2.0,1.0,2.0,1.0,2.0,1.0,1.0,1.0,1.0,1.0,1.0
674,pancham,fighting,,1.0,1.0,1.0,1.0,1.0,1.0,1.0,1.0,1.0,2.0,2.0,1.0,1.0,1.0,1.0,1.0,1.0,2.0
675,pangoro,fighting,dark,1.0,1.0,1.0,1.0,1.0,1.0,2.0,1.0,1.0,2.0,2.0,2.0,1.0,1.0,1.0,1.0,1.0,4.0
676,furfrou,normal,,1.0,1.0,1.0,1.0,1.0,1.0,2.0,1.0,1.0,1.0,1.0,1.0,1.0,1.0,1.0,1.0,1.0,1.0
677,espurr,psychic,,1.0,1.0,1.0,1.0,1.0,1.0,1.0,1.0,1.0,1.0,1.0,2.0,1.0,2.0,1.0,2.0,1.0,1.0
678,meowstic-male,psychic,,1.0,1.0,1.0,1.0,1.0,1.0,1.0,1.0,1.0,1.0,1.0,2.0,1.0,2.0,1.0,2.0,1.0,1.0
679,honedge,steel,ghost,1.0,2.0,1.0,1.0,1.0,1.0,2.0,1.0,2.0,1.0,1.0,1.0,1.0,2.0,1.0,2.0,1.0,1.0
680,doublade,steel,ghost,1.0,2.0,1.0,1.0,1.0,1.0,2.0,1.0,2.0,1.0,1.0,1.0,1.0,2.0,1.0,2.0,1.0,1.0
681,aegislash-shield,steel,ghost,1.0,2.0,1.0,1.0,1.0,1.0,2.0,1.0,2.0,1.0,1.0,1.0,1.0,2.0,1.0,2.0,1.0,1.0
682,spritzee,fairy,,1.0,1.0,1.0,1.0,1.0,1.0,1.0,2.0,1.0,1.0,1.0,1.0,1.0,1.0,1.0,1.0,2.0,1.0
683,aromatisse,fairy,,1.0,1.0,1.0,1.0,1.0,1.0,1.0,2.0,1.0,1.0,1.0,1.0,1.0,1.0,1.0,1.0,2.0,1.0
684,swirlix,fairy,,1.0,1.0,1.0,1.0,1.0,1.0,1.0,2.0,1.0,1.0,1.0,1.0,1.0,1.0,1.0,1.0,2.0,1.0
685,slurpuff,fairy,,1.0,1.0,1.0,1.0,1.0,1.0,1.0,2.0,1.0,1.0,1.0,1.0,1.0,1.0,1.0,1.0,2.0,1.0
686,inkay,dark,psychic,1.0,1.0,1.0,1.0,1.0,1.0,2.0,1.0,1.0,1.0,1.0,4.0,1.0,2.0,1.0,2.0,1.0,2.0
687,malamar,dark,psychic,1.0,1.0,1.0,1.0,1.0,1.0,2.0,1.0,1.0,1.0,1.0,4.0,1.0,2.0,1.0,2.0,1.0,2.0
688,binacle,rock,water,1.0,1.0,2.0,4.0,2.0,1.0,2.0,1.0,2.0,1.0,1.0,1.0,1.0,1.0,1.0,1.0,2.0,1.0
689,barbaracle,rock,water,1.0,1.0,2.0,4.0,2.0,1.0,2.0,1.0,2.0,1.0,1.0,1.0,1.0,1.0,1.0,1.0,2.0,1.0
690,skrelp,poison,water,1.0,1.0,1.0,2.0,2.0,1.0,1.0,1.0,2.0,1.0,2.0,1.0,1.0,1.0,1.0,1.0,1.0,1.0
691,dragalge,poison,dragon,1.0,1.0,1.0,1.0,1.0,2.0,1.0,1.0,2.0,1.0,2.0,1.0,1.0,1.0,2.0,1.0,1.0,2.0
692,clauncher,water,,1.0,1.0,1.0,2.0,2.0,1.0,1.0,1.0,1.0,1.0,1.0,1.0,1.0,1.0,1.0,1.0,1.0,1.0
693,clawitzer,water,,1.0,1.0,1.0,2.0,2.0,1.0,1.0,1.0,1.0,1.0,1.0,1.0,1.0,1.0,1.0,1.0,1.0,1.0
694,helioptile,electric,normal,1.0,1.0,1.0,1.0,1.0,1.0,2.0,1.0,2.0,1.0,1.0,1.0,1.0,1.0,1.0,1.0,1.0,1.0
695,heliolisk,electric,normal,1.0,1.0,1.0,1.0,1.0,1.0,2.0,1.0,2.0,1.0,1.0,1.0,1.0,1.0,1.0,1.0,1.0,1.0
696,tyrunt,rock,dragon,1.0,1.0,2.0,2.0,1.0,2.0,2.0,1.0,2.0,1.0,1.0,1.0,1.0,1.0,2.0,1.0,2.0,2.0
697,tyrantrum,rock,dragon,1.0,1.0,2.0,2.0,1.0,2.0,2.0,1.0,2.0,1.0,1.0,1.0,1.0,1.0,2.0,1.0,2.0,2.0
698,amaura,rock,ice,1.0,2.0,2.0,2.0,1.0,1.0,4.0,1.0,2.0,1.0,1.0,1.0,2.0,1.0,1.0,1.0,4.0,1.0
699,aurorus,rock,ice,1.0,2.0,2.0,2.0,1.0,1.0,4.0,1.0,2.0,1.0,1.0,1.0,2.0,1.0,1.0,1.0,4.0,1.0
700,sylveon,fairy,,1.0,1.0,1.0,1.0,1.0,1.0,1.0,2.0,1.0,1.0,1.0,1.0,1.0,1.0,1.0,1.0,2.0,1.0
701,hawlucha,fighting,flying,1.0,1.0,1.0,1.0,2.0,2.0,1.0,1.0,1.0,2.0,2.0,1.0,2.0,1.0,1.0,1.0,1.0,2.0
702,dedenne,electric,fairy,1.0,1.0,1.0,1.0,1.0,1.0,1.0,2.0,2.0,1.0,1.0,1.0,1.0,1.0,1.0,1.0,2.0,1.0
703,carbink,rock,fairy,1.0,1.0,2.0,2.0,1.0,1.0,2.0,2.0,2.0,1.0,1.0,1.0,1.0,1.0,1.0,1.0,4.0,1.0
704,goomy,dragon,,1.0,1.0,1.0,1.0,1.0,2.0,1.0,1.0,1.0,1.0,1.0,1.0,1.0,1.0,2.0,1.0,1.0,2.0
705,sliggoo,dragon,,1.0,1.0,1.0,1.0,1.0,2.0,1.0,1.0,1.0,1.0,1.0,1.0,1.0,1.0,2.0,1.0,1.0,2.0
706,goodra,dragon,,1.0,1.0,1.0,1.0,1.0,2.0,1.0,1.0,1.0,1.0,1.0,1.0,1.0,1.0,2.0,1.0,1.0,2.0
707,klefki,steel,fairy,1.0,2.0,1.0,1.0,1.0,1.0,2.0,2.0,2.0,1.0,1.0,1.0,1.0,1.0,1.0,1.0,2.0,1.0
708,phantump,ghost,grass,1.0,2.0,1.0,1.0,1.0,2.0,1.0,2.0,1.0,2.0,1.0,2.0,1.0,2.0,1.0,2.0,1.0,1.0
709,trevenant,ghost,grass,1.0,2.0,1.0,1.0,1.0,2.0,1.0,2.0,1.0,2.0,1.0,2.0,1.0,2.0,1.0,2.0,1.0,1.0
710,pumpkaboo-average,ghost,grass,1.0,2.0,1.0,1.0,1.0,2.0,1.0,2.0,1.0,2.0,1.0,2.0,1.0,2.0,1.0,2.0,1.0,1.0
711,gourgeist-average,ghost,grass,1.0,2.0,1.0,1.0,1.0,2.0,1.0,2.0,1.0,2.0,1.0,2.0,1.0,2.0,1.0,2.0,1.0,1.0
712,bergmite,ice,,1.0,2.0,1.0,1.0,1.0,1.0,2.0,1.0,1.0,1.0,1.0,1.0,2.0,1.0,1.0,1.0,2.0,1.0
713,avalugg,ice,,1.0,2.0,1.0,1.0,1.0,1.0,2.0,1.0,1.0,1.0,1.0,1.0,2.0,1.0,1.0,1.0,2.0,1.0
714,noibat,flying,dragon,1.0,1.0,1.0,1.0,2.0,4.0,1.0,1.0,1.0,1.0,1.0,1.0,2.0,1.0,2.0,1.0,1.0,2.0
715,noivern,flying,dragon,1.0,1.0,1.0,1.0,2.0,4.0,1.0,1.0,1.0,1.0,1.0,1.0,2.0,1.0,2.0,1.0,1.0,2.0
716,xerneas,fairy,,1.0,1.0,1.0,1.0,1.0,1.0,1.0,2.0,1.0,1.0,1.0,1.0,1.0,1.0,1.0,1.0,2.0,1.0
717,yveltal,dark,flying,1.0,1.0,1.0,1.0,2.0,2.0,2.0,1.0,1.0,1.0,1.0,2.0,2.0,1.0,1.0,1.0,1.0,2.0
718,zygarde-50,dragon,ground,1.0,1.0,2.0,2.0,1.0,4.0,1.0,1.0,1.0,1.0,1.0,1.0,1.0,1.0,2.0,1.0,1.0,2.0
719,diancie,rock,fairy,1.0,1.0,2.0,2.0,1.0,1.0,2.0,2.0,2.0,1.0,1.0,1.0,1.0,1.0,1.0,1.0,4.0,1.0
720,hoopa,psychic,ghost,1.0,1.0,1.0,1.0,1.0,1.0,1.0,1.0,1.0,1.0,1.0,2.0,1.0,4.0,1.0,4.0,1.0,1.0
721,volcanion,fire,water,1.0,1.0,2.0,2.0,2.0,1.0,1.0,1.0,2.0,1.0,1.0,1.0,2.0,1.0,1.0,1.0,1.0,1.0
722,rowlet,grass,flying,1.0,2.0,1.0,1.0,2.0,4.0,1.0,2.0,1.0,2.0,1.0,2.0,2.0,1.0,1.0,1.0,1.0,1.0
723,dartrix,grass,flying,1.0,2.0,1.0,1.0,2.0,4.0,1.0,2.0,1.0,2.0,1.0,2.0,2.0,1.0,1.0,1.0,1.0,1.0
724,decidueye,grass,ghost,1.0,2.0,1.0,1.0,1.0,2.0,1.0,2.0,1.0,2.0,1.0,2.0,1.0,2.0,1.0,2.0,1.0,1.0
725,litten,fire,,1.0,1.0,2.0,1.0,1.0,1.0,1.0,1.0,2.0,1.0,1.0,1.0,2.0,1.0,1.0,1.0,1.0,1.0
726,torracat,fire,,1.0,1.0,2.0,1.0,1.0,1.0,1.0,1.0,2.0,1.0,1.0,1.0,2.0,1.0,1.0,1.0,1.0,1.0
727,incineroar,fire,dark,1.0,1.0,2.0,1.0,1.0,1.0,2.0,1.0,2.0,1.0,1.0,2.0,2.0,1.0,1.0,1.0,1.0,2.0
728,popplio,water,,1.0,1.0,1.0,2.0,2.0,1.0,1.0,1.0,1.0,1.0,1.0,1.0,1.0,1.0,1.0,1.0,1.0,1.0
729,brionne,water,,1.0,1.0,1.0,2.0,2.0,1.0,1.0,1.0,1.0,1.0,1.0,1.0,1.0,1.0,1.0,1.0,1.0,1.0
730,primarina,water,fairy,1.0,1.0,1.0,2.0,2.0,1.0,1.0,2.0,1.0,1.0,1.0,1.0,1.0,1.0,1.0,1.0,2.0,1.0
731,pikipek,normal,flying,1.0,1.0,1.0,1.0,2.0,2.0,2.0,1.0,1.0,1.0,1.0,1.0,2.0,1.0,1.0,1.0,1.0,1.0
732,trumbeak,normal,flying,1.0,1.0,1.0,1.0,2.0,2.0,2.0,1.0,1.0,1.0,1.0,1.0,2.0,1.0,1.0,1.0,1.0,1.0
733,toucannon,normal,flying,1.0,1.0,1.0,1.0,2.0,2.0,2.0,1.0,1.0,1.0,1.0,1.0,2.0,1.0,1.0,1.0,1.0,1.0
734,yungoos,normal,,1.0,1.0,1.0,1.0,1.0,1.0,2.0,1.0,1.0,1.0,1.0,1.0,1.0,1.0,1.0,1.0,1.0,1.0
735,gumshoos,normal,,1.0,1.0,1.0,1.0,1.0,1.0,2.0,1.0,1.0,1.0,1.0,1.0,1.0,1.0,1.0,1.0,1.0,1.0
736,grubbin,bug,,1.0,2.0,1.0,1.0,1.0,1.0,1.0,1.0,1.0,2.0,1.0,1.0,2.0,1.0,1.0,1.0,1.0,1.0
737,charjabug,bug,electric,1.0,2.0,1.0,1.0,1.0,1.0,1.0,1.0,2.0,2.0,1.0,1.0,2.0,1.0,1.0,1.0,1.0,1.0
738,vikavolt,bug,electric,1.0,2.0,1.0,1.0,1.0,1.0,1.0,1.0,2.0,2.0,1.0,1.0,2.0,1.0,1.0,1.0,1.0,1.0
739,crabrawler,fighting,,1.0,1.0,1.0,1.0,1.0,1.0,1.0,1.0,1.0,2.0,2.0,1.0,1.0,1.0,1.0,1.0,1.0,2.0
740,crabominable,fighting,ice,1.0,2.0,1.0,1.0,1.0,1.0,2.0,1.0,1.0,2.0,2.0,1.0,2.0,1.0,1.0,1.0,2.0,2.0
741,oricorio-baile,fire,flying,1.0,1.0,2.0,1.0,2.0,2.0,1.0,1.0,2.0,1.0,1.0,1.0,4.0,1.0,1.0,1.0,1.0,1.0
742,cutiefly,bug,fairy,1.0,2.0,1.0,1.0,1.0,1.0,1.0,2.0,1.0,2.0,1.0,1.0,2.0,1.0,1.0,1.0,2.0,1.0
743,ribombee,bug,fairy,1.0,2.0,1.0,1.0,1.0,1.0,1.0,2.0,1.0,2.0,1.0,1.0,2.0,1.0,1.0,1.0,2.0,1.0
744,rockruff,rock,,1.0,1.0,2.0,2.0,1.0,1.0,2.0,1.0,2.0,1.0,1.0,1.0,1.0,1.0,1.0,1.0,2.0,1.0
745,lycanroc-midday,rock,,1.0,1.0,2.0,2.0,1.0,1.0,2.0,1.0,2.0,1.0,1.0,1.0,1.0,1.0,1.0,1.0,2.0,1.0
746,wishiwashi-solo,water,,1.0,1.0,1.0,2.0,2.0,1.0,1.0,1.0,1.0,1.0,1.0,1.0,1.0,1.0,1.0,1.0,1.0,1.0
747,mareanie,poison,water,1.0,1.0,1.0,2.0,2.0,1.0,1.0,1.0,2.0,1.0,2.0,1.0,1.0,1.0,1.0,1.0,1.0,1.0
748,toxapex,poison,water,1.0,1.0,1.0,2.0,2.0,1.0,1.0,1.0,2.0,1.0,2.0,1.0,1.0,1.0,1.0,1.0,1.0,1.0
749,mudbray,ground,,1.0,1.0,2.0,2.0,1.0,2.0,1.0,1.0,1.0,1.0,1.0,1.0,1.0,1.0,1.0,1.0,1.0,1.0
750,mudsdale,ground,,1.0,1.0,2.0,2.0,1.0,2.0,1.0,1.0,1.0,1.0,1.0,1.0,1.0,1.0,1.0,1.0,1.0,1.0
751,dewpider,water,bug,1.0,2.0,1.0,2.0,2.0,1.0,1.0,1.0,1.0,2.0,1.0,1.0,2.0,1.0,1.0,1.0,1.0,1.0
752,araquanid,water,bug,1.0,2.0,1.0,2.0,2.0,1.0,1.0,1.0,1.0,2.0,1.0,1.0,2.0,1.0,1.0,1.0,1.0,1.0
753,fomantis,grass,,1.0,2.0,1.0,1.0,1.0,2.0,1.0,2.0,1.0,2.0,1.0,2.0,1.0,1.0,1.0,1.0,1.0,1.0
754,lurantis,grass,,1.0,2.0,1.0,1.0,1.0,2.0,1.0,2.0,1.0,2.0,1.0,2.0,1.0,1.0,1.0,1.0,1.0,1.0
755,morelull,grass,fairy,1.0,2.0,1.0,1.0,1.0,2.0,1.0,4.0,1.0,2.0,1.0,2.0,1.0,1.0,1.0,1.0,2.0,1.0
756,shiinotic,grass,fairy,1.0,2.0,1.0,1.0,1.0,2.0,1.0,4.0,1.0,2.0,1.0,2.0,1.0,1.0,1.0,1.0,2.0,1.0
757,salandit,poison,fire,1.0,1.0,2.0,1.0,1.0,1.0,1.0,1.0,4.0,1.0,2.0,1.0,2.0,1.0,1.0,1.0,1.0,1.0
758,salazzle,poison,fire,1.0,1.0,2.0,1.0,1.0,1.0,1.0,1.0,4.0,1.0,2.0,1.0,2.0,1.0,1.0,1.0,1.0,1.0
759,stufful,normal,fighting,1.0,1.0,1.0,1.0,1.0,1.0,2.0,1.0,1.0,2.0,2.0,1.0,1.0,1.0,1.0,1.0,1.0,2.0
760,bewear,normal,fighting,1.0,1.0,1.0,1.0,1.0,1.0,2.0,1.0,1.0,2.0,2.0,1.0,1.0,1.0,1.0,1.0,1.0,2.0
761,bounsweet,grass,,1.0,2.0,1.0,1.0,1.0,2.0,1.0,2.0,1.0,2.0,1.0,2.0,1.0,1.0,1.0,1.0,1.0,1.0
762,steenee,grass,,1.0,2.0,1.0,1.0,1.0,2.0,1.0,2.0,1.0,2.0,1.0,2.0,1.0,1.0,1.0,1.0,1.0,1.0
763,tsareena,grass,,1.0,2.0,1.0,1.0,1.0,2.0,1.0,2.0,1.0,2.0,1.0,2.0,1.0,1.0,1.0,1.0,1.0,1.0
764,comfey,fairy,,1.0,1.0,1.0,1.0,1.0,1.0,1.0,2.0,1.0,1.0,1.0,1.0,1.0,1.0,1.0,1.0,2.0,1.0
765,oranguru,normal,psychic,1.0,1.0,1.0,1.0,1.0,1.0,2.0,1.0,1.0,1.0,1.0,2.0,1.0,2.0,1.0,2.0,1.0,1.0
766,passimian,fighting,,1.0,1.0,1.0,1.0,1.0,1.0,1.0,1.0,1.0,2.0,2.0,1.0,1.0,1.0,1.0,1.0,1.0,2.0
767,wimpod,bug,water,1.0,2.0,1.0,2.0,2.0,1.0,1.0,1.0,1.0,2.0,1.0,1.0,2.0,1.0,1.0,1.0,1.0,1.0
768,golisopod,bug,water,1.0,2.0,1.0,2.0,2.0,1.0,1.0,1.0,1.0,2.0,1.0,1.0,2.0,1.0,1.0,1.0,1.0,1.0
769,sandygast,ghost,ground,1.0,1.0,2.0,2.0,1.0,2.0,1.0,1.0,1.0,1.0,1.0,1.0,1.0,2.0,1.0,2.0,1.0,1.0
770,palossand,ghost,ground,1.0,1.0,2.0,2.0,1.0,2.0,1.0,1.0,1.0,1.0,1.0,1.0,1.0,2.0,1.0,2.0,1.0,1.0
771,pyukumuku,water,,1.0,1.0,1.0,2.0,2.0,1.0,1.0,1.0,1.0,1.0,1.0,1.0,1.0,1.0,1.0,1.0,1.0,1.0
772,type-null,normal,,1.0,1.0,1.0,1.0,1.0,1.0,2.0,1.0,1.0,1.0,1.0,1.0,1.0,1.0,1.0,1.0,1.0,1.0
773,silvally,normal,,1.0,1.0,1.0,1.0,1.0,1.0,2.0,1.0,1.0,1.0,1.0,1.0,1.0,1.0,1.0,1.0,1.0,1.0
774,minior-red-meteor,rock,flying,1.0,1.0,2.0,2.0,2.0,2.0,2.0,1.0,2.0,1.0,1.0,1.0,2.0,1.0,1.0,1.0,2.0,1.0
775,komala,normal,,1.0,1.0,1.0,1.0,1.0,1.0,2.0,1.0,1.0,1.0,1.0,1.0,1.0,1.0,1.0,1.0,1.0,1.0
776,turtonator,fire,dragon,1.0,1.0,2.0,1.0,1.0,2.0,1.0,1.0,2.0,1.0,1.0,1.0,2.0,1.0,2.0,1.0,1.0,2.0
777,togedemaru,electric,steel,1.0,2.0,1.0,1.0,1.0,1.0,2.0,1.0,4.0,1.0,1.0,1.0,1.0,1.0,1.0,1.0,1.0,1.0
778,mimikyu-disguised,ghost,fairy,1.0,1.0,1.0,1.0,1.0,1.0,1.0,2.0,1.0,1.0,1.0,1.0,1.0,2.0,1.0,2.0,2.0,1.0
779,bruxish,water,psychic,1.0,1.0,1.0,2.0,2.0,1.0,1.0,1.0,1.0,1.0,1.0,2.0,1.0,2.0,1.0,2.0,1.0,1.0
780,drampa,normal,dragon,1.0,1.0,1.0,1.0,1.0,2.0,2.0,1.0,1.0,1.0,1.0,1.0,1.0,1.0,2.0,1.0,1.0,2.0
781,dhelmise,ghost,grass,1.0,2.0,1.0,1.0,1.0,2.0,1.0,2.0,1.0,2.0,1.0,2.0,1.0,2.0,1.0,2.0,1.0,1.0
782,jangmo-o,dragon,,1.0,1.0,1.0,1.0,1.0,2.0,1.0,1.0,1.0,1.0,1.0,1.0,1.0,1.0,2.0,1.0,1.0,2.0
783,hakamo-o,dragon,fighting,1.0,1.0,1.0,1.0,1.0,2.0,1.0,1.0,1.0,2.0,2.0,1.0,1.0,1.0,2.0,1.0,1.0,4.0
784,kommo-o,dragon,fighting,1.0,1.0,1.0,1.0,1.0,2.0,1.0,1.0,1.0,2.0,2.0,1.0,1.0,1.0,2.0,1.0,1.0,4.0
785,tapu-koko,electric,fairy,1.0,1.0,1.0,1.0,1.0,1.0,1.0,2.0,2.0,1.0,1.0,1.0,1.0,1.0,1.0,1.0,2.0,1.0
786,tapu-lele,psychic,fairy,1.0,1.0,1.0,1.0,1.0,1.0,1.0,2.0,1.0,1.0,1.0,2.0,1.0,2.0,1.0,2.0,2.0,1.0
787,tapu-bulu,grass,fairy,1.0,2.0,1.0,1.0,1.0,2.0,1.0,4.0,1.0,2.0,1.0,2.0,1.0,1.0,1.0,1.0,2.0,1.0
788,tapu-fini,water,fairy,1.0,1.0,1.0,2.0,2.0,1.0,1.0,2.0,1.0,1.0,1.0,1.0,1.0,1.0,1.0,1.0,2.0,1.0
789,cosmog,psychic,,1.0,1.0,1.0,1.0,1.0,1.0,1.0,1.0,1.0,1.0,1.0,2.0,1.0,2.0,1.0,2.0,1.0,1.0
790,cosmoem,psychic,,1.0,1.0,1.0,1.0,1.0,1.0,1.0,1.0,1.0,1.0,1.0,2.0,1.0,2.0,1.0,2.0,1.0,1.0
791,solgaleo,psychic,steel,1.0,2.0,1.0,1.0,1.0,1.0,2.0,1.0,2.0,1.0,1.0,2.0,1.0,2.0,1.0,2.0,1.0,1.0
792,lunala,psychic,ghost,1.0,1.0,1.0,1.0,1.0,1.0,1.0,1.0,1.0,1.0,1.0,2.0,1.0,4.0,1.0,4.0,1.0,1.0
793,nihilego,rock,poison,1.0,1.0,2.0,2.0,1.0,1.0,2.0,1.0,4.0,1.0,2.0,1.0,1.0,1.0,1.0,1.0,2.0,1.0
794,buzzwole,bug,fighting,1.0,2.0,1.0,1.0,1.0,1.0,1.0,1.0,1.0,4.0,2.0,1.0,2.0,1.0,1.0,1.0,1.0,2.0
795,pheromosa,bug,fighting,1.0,2.0,1.0,1.0,1.0,1.0,1.0,1.0,1.0,4.0,2.0,1.0,2.0,1.0,1.0,1.0,1.0,2.0
796,xurkitree,electric,,1.0,1.0,1.0,1.0,1.0,1.0,1.0,1.0,2.0,1.0,1.0,1.0,1.0,1.0,1.0,1.0,1.0,1.0
797,celesteela,steel,flying,1.0,2.0,1.0,1.0,2.0,2.0,2.0,1.0,2.0,1.0,1.0,1.0,2.0,1.0,1.0,1.0,1.0,1.0
798,kartana,grass,steel,1.0,4.0,1.0,1.0,1.0,2.0,2.0,2.0,2.0,2.0,1.0,2.0,1.0,1.0,1.0,1.0,1.0,1.0
799,guzzlord,dark,dragon,1.0,1.0,1.0,1.0,1.0,2.0,2.0,1.0,1.0,1.0,1.0,2.0,1.0,1.0,2.0,1.0,1.0,4.0
800,necrozma,psychic,,1.0,1.0,1.0,1.0,1.0,1.0,1.0,1.0,1.0,1.0,1.0,2.0,1.0,2.0,1.0,2.0,1.0,1.0
801,magearna,steel,fairy,1.0,2.0,1.0,1.0,1.0,1.0,2.0,2.0,2.0,1.0,1.0,1.0,1.0,1.0,1.0,1.0,2.0,1.0
802,marshadow,fighting,ghost,1.0,1.0,1.0,1.0,1.0,1.0,1.0,1.0,1.0,2.0,2.0,1.0,1.0,2.0,1.0,2.0,1.0,2.0
803,poipole,poison,,1.0,1.0,1.0,1.0,1.0,1.0,1.0,1.0,2.0,1.0,2.0,1.0,1.0,1.0,1.0,1.0,1.0,1.0
804,naganadel,poison,dragon,1.0,1.0,1.0,1.0,1.0,2.0,1.0,1.0,2.0,1.0,2.0,1.0,1.0,1.0,2.0,1.0,1.0,2.0
805,stakataka,rock,steel,1.0,2.0,2.0,2.0,1.0,1.0,4.0,1.0,4.0,1.0,1.0,1.0,1.0,1.0,1.0,1.0,2.0,1.0
806,blacephalon,fire,ghost,1.0,1.0,2.0,1.0,1.0,1.0,1.0,1.0,2.0,1.0,1.0,1.0,2.0,2.0,1.0,2.0,1.0,1.0
807,zeraora,electric,,1.0,1.0,1.0,1.0,1.0,1.0,1.0,1.0,2.0,1.0,1.0,1.0,1.0,1.0,1.0,1.0,1.0,1.0
808,meltan,steel,,1.0,2.0,1.0,1.0,1.0,1.0,2.0,1.0,2.0,1.0,1.0,1.0,1.0,1.0,1.0,1.0,1.0,1.0
809,melmetal,steel,,1.0,2.0,1.0,1.0,1.0,1.0,2.0,1.0,2.0,1.0,1.0,1.0,1.0,1.0,1.0,1.0,1.0,1.0
810,grookey,grass,,1.0,2.0,1.0,1.0,1.0,2.0,1.0,2.0,1.0,2.0,1.0,2.0,1.0,1.0,1.0,1.0,1.0,1.0
811,thwackey,grass,,1.0,2.0,1.0,1.0,1.0,2.0,1.0,2.0,1.0,2.0,1.0,2.0,1.0,1.0,1.0,1.0,1.0,1.0
812,rillaboom,grass,,1.0,2.0,1.0,1.0,1.0,2.0,1.0,2.0,1.0,2.0,1.0,2.0,1.0,1.0,1.0,1.0,1.0,1.0
813,scorbunny,fire,,1.0,1.0,2.0,1.0,1.0,1.0,1.0,1.0,2.0,1.0,1.0,1.0,2.0,1.0,1.0,1.0,1.0,1.0
814,raboot,fire,,1.0,1.0,2.0,1.0,1.0,1.0,1.0,1.0,2.0,1.0,1.0,1.0,2.0,1.0,1.0,1.0,1.0,1.0
815,cinderace,fire,,1.0,1.0,2.0,1.0,1.0,1.0,1.0,1.0,2.0,1.0,1.0,1.0,2.0,1.0,1.0,1.0,1.0,1.0
816,sobble,water,,1.0,1.0,1.0,2.0,2.0,1.0,1.0,1.0,1.0,1.0,1.0,1.0,1.0,1.0,1.0,1.0,1.0,1.0
817,drizzile,water,,1.0,1.0,1.0,2.0,2.0,1.0,1.0,1.0,1.0,1.0,1.0,1.0,1.0,1.0,1.0,1.0,1.0,1.0
818,inteleon,water,,1.0,1.0,1.0,2.0,2.0,1.0,1.0,1.0,1.0,1.0,1.0,1.0,1.0,1.0,1.0,1.0,1.0,1.0
819,skwovet,normal,,1.0,1.0,1.0,1.0,1.0,1.0,2.0,1.0,1.0,1.0,1.0,1.0,1.0,1.0,1.0,1.0,1.0,1.0
820,greedent,normal,,1.0,1.0,1.0,1.0,1.0,1.0,2.0,1.0,1.0,1.0,1.0,1.0,1.0,1.0,1.0,1.0,1.0,1.0
821,rookidee,flying,,1.0,1.0,1.0,1.0,2.0,2.0,1.0,1.0,1.0,1.0,1.0,1.0,2.0,1.0,1.0,1.0,1.0,1.0
822,corvisquire,flying,,1.0,1.0,1.0,1.0,2.0,2.0,1.0,1.0,1.0,1.0,1.0,1.0,2.0,1.0,1.0,1.0,1.0,1.0
823,corviknight,flying,steel,1.0,2.0,1.0,1.0,2.0,2.0,2.0,1.0,2.0,1.0,1.0,1.0,2.0,1.0,1.0,1.0,1.0,1.0
824,blipbug,bug,,1.0,2.0,1.0,1.0,1.0,1.0,1.0,1.0,1.0,2.0,1.0,1.0,2.0,1.0,1.0,1.0,1.0,1.0
825,dottler,bug,psychic,1.0,2.0,1.0,1.0,1.0,1.0,1.0,1.0,1.0,2.0,1.0,2.0,2.0,2.0,1.0,2.0,1.0,1.0
826,orbeetle,bug,psychic,1.0,2.0,1.0,1.0,1.0,1.0,1.0,1.0,1.0,2.0,1.0,2.0,2.0,2.0,1.0,2.0,1.0,1.0
827,nickit,dark,,1.0,1.0,1.0,1.0,1.0,1.0,2.0,1.0,1.0,1.0,1.0,2.0,1.0,1.0,1.0,1.0,1.0,2.0
828,thievul,dark,,1.0,1.0,1.0,1.0,1.0,1.0,2.0,1.0,1.0,1.0,1.0,2.0,1.0,1.0,1.0,1.0,1.0,2.0
829,gossifleur,grass,,1.0,2.0,1.0,1.0,1.0,2.0,1.0,2.0,1.0,2.0,1.0,2.0,1.0,1.0,1.0,1.0,1.0,1.0
830,eldegoss,grass,,1.0,2.0,1.0,1.0,1.0,2.0,1.0,2.0,1.0,2.0,1.0,2.0,1.0,1.0,1.0,1.0,1.0,1.0
831,wooloo,normal,,1.0,1.0,1.0,1.0,1.0,1.0,2.0,1.0,1.0,1.0,1.0,1.0,1.0,1.0,1.0,1.0,1.0,1.0
832,dubwool,normal,,1.0,1.0,1.0,1.0,1.0,1.0,2.0,1.0,1.0,1.0,1.0,1.0,1.0,1.0,1.0,1.0,1.0,1.0
833,chewtle,water,,1.0,1.0,1.0,2.0,2.0,1.0,1.0,1.0,1.0,1.0,1.0,1.0,1.0,1.0,1.0,1.0,1.0,1.0
834,drednaw,water,rock,1.0,1.0,2.0,4.0,2.0,1.0,2.0,1.0,2.0,1.0,1.0,1.0,1.0,1.0,1.0,1.0,2.0,1.0
835,yamper,electric,,1.0,1.0,1.0,1.0,1.0,1.0,1.0,1.0,2.0,1.0,1.0,1.0,1.0,1.0,1.0,1.0,1.0,1.0
836,boltund,electric,,1.0,1.0,1.0,1.0,1.0,1.0,1.0,1.0,2.0,1.0,1.0,1.0,1.0,1.0,1.0,1.0,1.0,1.0
837,rolycoly,rock,,1.0,1.0,2.0,2.0,1.0,1.0,2.0,1.0,2.0,1.0,1.0,1.0,1.0,1.0,1.0,1.0,2.0,1.0
838,carkol,rock,fire,1.0,1.0,4.0,2.0,1.0,1.0,2.0,1.0,4.0,1.0,1.0,1.0,2.0,1.0,1.0,1.0,2.0,1.0
839,coalossal,rock,fire,1.0,1.0,4.0,2.0,1.0,1.0,2.0,1.0,4.0,1.0,1.0,1.0,2.0,1.0,1.0,1.0,2.0,1.0
840,applin,grass,dragon,1.0,2.0,1.0,1.0,1.0,4.0,1.0,2.0,1.0,2.0,1.0,2.0,1.0,1.0,2.0,1.0,1.0,2.0
841,flapple,grass,dragon,1.0,2.0,1.0,1.0,1.0,4.0,1.0,2.0,1.0,2.0,1.0,2.0,1.0,1.0,2.0,1.0,1.0,2.0
842,appletun,grass,dragon,1.0,2.0,1.0,1.0,1.0,4.0,1.0,2.0,1.0,2.0,1.0,2.0,1.0,1.0,2.0,1.0,1.0,2.0
843,silicobra,ground,,1.0,1.0,2.0,2.0,1.0,2.0,1.0,1.0,1.0,1.0,1.0,1.0,1.0,1.0,1.0,1.0,1.0,1.0
844,sandaconda,ground,,1.0,1.0,2.0,2.0,1.0,2.0,1.0,1.0,1.0,1.0,1.0,1.0,1.0,1.0,1.0,1.0,1.0,1.0
845,cramorant,flying,water,1.0,1.0,1.0,2.0,4.0,2.0,1.0,1.0,1.0,1.0,1.0,1.0,2.0,1.0,1.0,1.0,1.0,1.0
846,arrokuda,water,,1.0,1.0,1.0,2.0,2.0,1.0,1.0,1.0,1.0,1.0,1.0,1.0,1.0,1.0,1.0,1.0,1.0,1.0
847,barraskewda,water,,1.0,1.0,1.0,2.0,2.0,1.0,1.0,1.0,1.0,1.0,1.0,1.0,1.0,1.0,1.0,1.0,1.0,1.0
848,toxel,electric,poison,1.0,1.0,1.0,1.0,1.0,1.0,1.0,1.0,4.0,1.0,2.0,1.0,1.0,1.0,1.0,1.0,1.0,1.0
849,toxtricity-amped,electric,poison,1.0,1.0,1.0,1.0,1.0,1.0,1.0,1.0,4.0,1.0,2.0,1.0,1.0,1.0,1.0,1.0,1.0,1.0
850,sizzlipede,fire,bug,1.0,2.0,2.0,1.0,1.0,1.0,1.0,1.0,2.0,2.0,1.0,1.0,4.0,1.0,1.0,1.0,1.0,1.0
851,centiskorch,fire,bug,1.0,2.0,2.0,1.0,1.0,1.0,1.0,1.0,2.0,2.0,1.0,1.0,4.0,1.0,1.0,1.0,1.0,1.0
852,clobbopus,fighting,,1.0,1.0,1.0,1.0,1.0,1.0,1.0,1.0,1.0,2.0,2.0,1.0,1.0,1.0,1.0,1.0,1.0,2.0
853,grapploct,fighting,,1.0,1.0,1.0,1.0,1.0,1.0,1.0,1.0,1.0,2.0,2.0,1.0,1.0,1.0,1.0,1.0,1.0,2.0
854,sinistea,ghost,,1.0,1.0,1.0,1.0,1.0,1.0,1.0,1.0,1.0,1.0,1.0,1.0,1.0,2.0,1.0,2.0,1.0,1.0
855,polteageist,ghost,,1.0,1.0,1.0,1.0,1.0,1.0,1.0,1.0,1.0,1.0,1.0,1.0,1.0,2.0,1.0,2.0,1.0,1.0
856,hatenna,psychic,,1.0,1.0,1.0,1.0,1.0,1.0,1.0,1.0,1.0,1.0,1.0,2.0,1.0,2.0,1.0,2.0,1.0,1.0
857,hattrem,psychic,,1.0,1.0,1.0,1.0,1.0,1.0,1.0,1.0,1.0,1.0,1.0,2.0,1.0,2.0,1.0,2.0,1.0,1.0
858,hatterene,psychic,fairy,1.0,1.0,1.0,1.0,1.0,1.0,1.0,2.0,1.0,1.0,1.0,2.0,1.0,2.0,1.0,2.0,2.0,1.0
859,impidimp,dark,fairy,1.0,1.0,1.0,1.0,1.0,1.0,2.0,2.0,1.0,1.0,1.0,2.0,1.0,1.0,1.0,1.0,2.0,2.0
860,morgrem,dark,fairy,1.0,1.0,1.0,1.0,1.0,1.0,2.0,2.0,1.0,1.0,1.0,2.0,1.0,1.0,1.0,1.0,2.0,2.0
861,grimmsnarl,dark,fairy,1.0,1.0,1.0,1.0,1.0,1.0,2.0,2.0,1.0,1.0,1.0,2.0,1.0,1.0,1.0,1.0,2.0,2.0
862,obstagoon,dark,normal,1.0,1.0,1.0,1.0,1.0,1.0,4.0,1.0,1.0,1.0,1.0,2.0,1.0,1.0,1.0,1.0,1.0,2.0
863,perrserker,steel,,1.0,2.0,1.0,1.0,1.0,1.0,2.0,1.0,2.0,1.0,1.0,1.0,1.0,1.0,1.0,1.0,1.0,1.0
864,cursola,ghost,,1.0,1.0,1.0,1.0,1.0,1.0,1.0,1.0,1.0,1.0,1.0,1.0,1.0,2.0,1.0,2.0,1.0,1.0
865,sirfetchd,fighting,,1.0,1.0,1.0,1.0,1.0,1.0,1.0,1.0,1.0,2.0,2.0,1.0,1.0,1.0,1.0,1.0,1.0,2.0
866,mr-rime,ice,psychic,1.0,2.0,1.0,1.0,1.0,1.0,2.0,1.0,1.0,1.0,1.0,2.0,2.0,2.0,1.0,2.0,2.0,1.0
867,runerigus,ground,ghost,1.0,1.0,2.0,2.0,1.0,2.0,1.0,1.0,1.0,1.0,1.0,1.0,1.0,2.0,1.0,2.0,1.0,1.0
868,milcery,fairy,,1.0,1.0,1.0,1.0,1.0,1.0,1.0,2.0,1.0,1.0,1.0,1.0,1.0,1.0,1.0,1.0,2.0,1.0
869,alcremie,fairy,,1.0,1.0,1.0,1.0,1.0,1.0,1.0,2.0,1.0,1.0,1.0,1.0,1.0,1.0,1.0,1.0,2.0,1.0
870,falinks,fighting,,1.0,1.0,1.0,1.0,1.0,1.0,1.0,1.0,1.0,2.0,2.0,1.0,1.0,1.0,1.0,1.0,1.0,2.0
871,pincurchin,electric,,1.0,1.0,1.0,1.0,1.0,1.0,1.0,1.0,2.0,1.0,1.0,1.0,1.0,1.0,1.0,1.0,1.0,1.0
872,snom,ice,bug,1.0,4.0,1.0,1.0,1.0,1.0,2.0,1.0,1.0,2.0,1.0,1.0,4.0,1.0,1.0,1.0,2.0,1.0
873,frosmoth,ice,bug,1.0,4.0,1.0,1.0,1.0,1.0,2.0,1.0,1.0,2.0,1.0,1.0,4.0,1.0,1.0,1.0,2.0,1.0
874,stonjourner,rock,,1.0,1.0,2.0,2.0,1.0,1.0,2.0,1.0,2.0,1.0,1.0,1.0,1.0,1.0,1.0,1.0,2.0,1.0
875,eiscue-ice,ice,,1.0,2.0,1.0,1.0,1.0,1.0,2.0,1.0,1.0,1.0,1.0,1.0,2.0,1.0,1.0,1.0,2.0,1.0
876,indeedee-male,psychic,normal,1.0,1.0,1.0,1.0,1.0,1.0,2.0,1.0,1.0,1.0,1.0,2.0,1.0,2.0,1.0,2.0,1.0,1.0
877,morpeko-full-belly,electric,dark,1.0,1.0,1.0,1.0,1.0,1.0,2.0,1.0,2.0,1.0,1.0,2.0,1.0,1.0,1.0,1.0,1.0,2.0
878,cufant,steel,,1.0,2.0,1.0,1.0,1.0,1.0,2.0,1.0,2.0,1.0,1.0,1.0,1.0,1.0,1.0,1.0,1.0,1.0
879,copperajah,steel,,1.0,2.0,1.0,1.0,1.0,1.0,2.0,1.0,2.0,1.0,1.0,1.0,1.0,1.0,1.0,1.0,1.0,1.0
880,dracozolt,electric,dragon,1.0,1.0,1.0,1.0,1.0,2.0,1.0,1.0,2.0,1.0,1.0,1.0,1.0,1.0,2.0,1.0,1.0,2.0
881,arctozolt,electric,ice,1.0,2.0,1.0,1.0,1.0,1.0,2.0,1.0,2.0,1.0,1.0,1.0,2.0,1.0,1.0,1.0,2.0,1.0
882,dracovish,water,dragon,1.0,1.0,1.0,2.0,2.0,2.0,1.0,1.0,1.0,1.0,1.0,1.0,1.0,1.0,2.0,1.0,1.0,2.0
883,arctovish,water,ice,1.0,2.0,1.0,2.0,2.0,1.0,2.0,1.0,1.0,1.0,1.0,1.0,2.0,1.0,1.0,1.0,2.0,1.0
884,duraludon,steel,dragon,1.0,2.0,1.0,1.0,1.0,2.0,2.0,1.0,2.0,1.0,1.0,1.0,1.0,1.0,2.0,1.0,1.0,2.0
885,dreepy,dragon,ghost,1.0,1.0,1.0,1.0,1.0,2.0,1.0,1.0,1.0,1.0,1.0,1.0,1.0,2.0,2.0,2.0,1.0,2.0
886,drakloak,dragon,ghost,1.0,1.0,1.0,1.0,1.0,2.0,1.0,1.0,1.0,1.0,1.0,1.0,1.0,2.0,2.0,2.0,1.0,2.0
887,dragapult,dragon,ghost,1.0,1.0,1.0,1.0,1.0,2.0,1.0,1.0,1.0,1.0,1.0,1.0,1.0,2.0,2.0,2.0,1.0,2.0
888,zacian,fairy,,1.0,1.0,1.0,1.0,1.0,1.0,1.0,2.0,1.0,1.0,1.0,1.0,1.0,1.0,1.0,1.0,2.0,1.0
889,zamazenta,fighting,,1.0,1.0,1.0,1.0,1.0,1.0,1.0,1.0,1.0,2.0,2.0,1.0,1.0,1.0,1.0,1.0,1.0,2.0
890,eternatus,poison,dragon,1.0,1.0,1.0,1.0,1.0,2.0,1.0,1.0,2.0,1.0,2.0,1.0,1.0,1.0,2.0,1.0,1.0,2.0
891,kubfu,fighting,,1.0,1.0,1.0,1.0,1.0,1.0,1.0,1.0,1.0,2.0,2.0,1.0,1.0,1.0,1.0,1.0,1.0,2.0
892,urshifu-single-strike,fighting,dark,1.0,1.0,1.0,1.0,1.0,1.0,2.0,1.0,1.0,2.0,2.0,2.0,1.0,1.0,1.0,1.0,1.0,4.0
893,zarude,dark,grass,1.0,2.0,1.0,1.0,1.0,2.0,2.0,2.0,1.0,2.0,1.0,4.0,1.0,1.0,1.0,1.0,1.0,2.0
894,regieleki,electric,,1.0,1.0,1.0,1.0,1.0,1.0,1.0,1.0,2.0,1.0,1.0,1.0,1.0,1.0,1.0,1.0,1.0,1.0
895,regidrago,dragon,,1.0,1.0,1.0,1.0,1.0,2.0,1.0,1.0,1.0,1.0,1.0,1.0,1.0,1.0,2.0,1.0,1.0,2.0
896,glastrier,ice,,1.0,2.0,1.0,1.0,1.0,1.0,2.0,1.0,1.0,1.0,1.0,1.0,2.0,1.0,1.0,1.0,2.0,1.0
897,spectrier,ghost,,1.0,1.0,1.0,1.0,1.0,1.0,1.0,1.0,1.0,1.0,1.0,1.0,1.0,2.0,1.0,2.0,1.0,1.0
898,calyrex,psychic,grass,1.0,2.0,1.0,1.0,1.0,2.0,1.0,2.0,1.0,2.0,1.0,4.0,1.0,2.0,1.0,2.0,1.0,1.0
899,wyrdeer,normal,psychic,1.0,1.0,1.0,1.0,1.0,1.0,2.0,1.0,1.0,1.0,1.0,2.0,1.0,2.0,1.0,2.0,1.0,1.0
900,kleavor,bug,rock,1.0,2.0,2.0,2.0,1.0,1.0,2.0,1.0,2.0,2.0,1.0,1.0,2.0,1.0,1.0,1.0,2.0,1.0
901,ursaluna,ground,normal,1.0,1.0,2.0,2.0,1.0,2.0,2.0,1.0,1.0,1.0,1.0,1.0,1.0,1.0,1.0,1.0,1.0,1.0
902,basculegion-male,water,ghost,1.0,1.0,1.0,2.0,2.0,1.0,1.0,1.0,1.0,1.0,1.0,1.0,1.0,2.0,1.0,2.0,1.0,1.0
903,sneasler,fighting,poison,1.0,1.0,1.0,1.0,1.0,1.0,1.0,1.0,2.0,2.0,4.0,1.0,1.0,1.0,1.0,1.0,1.0,2.0
904,overqwil,dark,poison,1.0,1.0,1.0,1.0,1.0,1.0,2.0,1.0,2.0,1.0,2.0,2.0,1.0,1.0,1.0,1.0,1.0,2.0
905,enamorus-incarnate,fairy,flying,1.0,1.0,1.0,1.0,2.0,2.0,1.0,2.0,1.0,1.0,1.0,1.0,2.0,1.0,1.0,1.0,2.0,1.0
906,sprigatito,grass,,1.0,2.0,1.0,1.0,1.0,2.0,1.0,2.0,1.0,2.0,1.0,2.0,1.0,1.0,1.0,1.0,1.0,1.0
907,floragato,grass,,1.0,2.0,1.0,1.0,1.0,2.0,1.0,2.0,1.0,2.0,1.0,2.0,1.0,1.0,1.0,1.0,1.0,1.0
908,meowscarada,grass,dark,1.0,2.0,1.0,1.0,1.0,2.0,2.0,2.0,1.0,2.0,1.0,4.0,1.0,1.0,1.0,1.0,1.0,2.0
909,fuecoco,fire,,1.0,1.0,2.0,1.0,1.0,1.0,1.0,1.0,2.0,1.0,1.0,1.0,2.0,1.0,1.0,1.0,1.0,1.0
910,crocalor,fire,,1.0,1.0,2.0,1.0,1.0,1.0,1.0,1.0,2.0,1.0,1.0,1.0,2.0,1.0,1.0,1.0,1.0,1.0
911,skeledirge,fire,ghost,1.0,1.0,2.0,1.0,1.0,1.0,1.0,1.0,2.0,1.0,1.0,1.0,2.0,2.0,1.0,2.0,1.0,1.0
912,quaxly,water,,1.0,1.0,1.0,2.0,2.0,1.0,1.0,1.0,1.0,1.0,1.0,1.0,1.0,1.0,1.0,1.0,1.0,1.0
913,quaxwell,water,,1.0,1.0,1.0,2.0,2.0,1.0,1.0,1.0,1.0,1.0,1.0,1.0,1.0,1.0,1.0,1.0,1.0,1.0
914,quaquaval,water,fighting,1.0,1.0,1.0,2.0,2.0,1.0,1.0,1.0,1.0,2.0,2.0,1.0,1.0,1.0,1.0,1.0,1.0,2.0
915,lechonk,normal,,1.0,1.0,1.0,1.0,1.0,1.0,2.0,1.0,1.0,1.0,1.0,1.0,1.0,1.0,1.0,1.0,1.0,1.0
916,oinkologne,normal,,1.0,1.0,1.0,1.0,1.0,1.0,2.0,1.0,1.0,1.0,1.0,1.0,1.0,1.0,1.0,1.0,1.0,1.0
917,tarountula,bug,,1.0,2.0,1.0,1.0,1.0,1.0,1.0,1.0,1.0,2.0,1.0,1.0,2.0,1.0,1.0,1.0,1.0,1.0
918,spidops,bug,,1.0,2.0,1.0,1.0,1.0,1.0,1.0,1.0,1.0,2.0,1.0,1.0,2.0,1.0,1.0,1.0,1.0,1.0
919,nymble,bug,,1.0,2.0,1.0,1.0,1.0,1.0,1.0,1.0,1.0,2.0,1.0,1.0,2.0,1.0,1.0,1.0,1.0,1.0
920,lokix,bug,dark,1.0,2.0,1.0,1.0,1.0,1.0,2.0,1.0,1.0,2.0,1.0,2.0,2.0,1.0,1.0,1.0,1.0,2.0
921,pawmi,electric,,1.0,1.0,1.0,1.0,1.0,1.0,1.0,1.0,2.0,1.0,1.0,1.0,1.0,1.0,1.0,1.0,1.0,1.0
922,pawmo,electric,fighting,1.0,1.0,1.0,1.0,1.0,1.0,1.0,1.0,2.0,2.0,2.0,1.0,1.0,1.0,1.0,1.0,1.0,2.0
923,pawmot,electric,fighting,1.0,1.0,1.0,1.0,1.0,1.0,1.0,1.0,2.0,2.0,2.0,1.0,1.0,1.0,1.0,1.0,1.0,2.0
924,tandemaus,normal,,1.0,1.0,1.0,1.0,1.0,1.0,2.0,1.0,1.0,1.0,1.0,1.0,1.0,1.0,1.0,1.0,1.0,1.0
925,maushold,normal,,1.0,1.0,1.0,1.0,1.0,1.0,2.0,1.0,1.0,1.0,1.0,1.0,1.0,1.0,1.0,1.0,1.0,1.0
926,fidough,fairy,,1.0,1.0,1.0,1.0,1.0,1.0,1.0,2.0,1.0,1.0,1.0,1.0,1.0,1.0,1.0,1.0,2.0,1.0
927,dachsbun,fairy,,1.0,1.0,1.0,1.0,1.0,1.0,1.0,2.0,1.0,1.0,1.0,1.0,1.0,1.0,1.0,1.0,2.0,1.0
928,smoliv,grass,normal,1.0,2.0,1.0,1.0,1.0,2.0,2.0,2.0,1.0,2.0,1.0,2.0,1.0,1.0,1.0,1.0,1.0,1.0
929,dolliv,grass,normal,1.0,2.0,1.0,1.0,1.0,2.0,2.0,2.0,1.0,2.0,1.0,2.0,1.0,1.0,1.0,1.0,1.0,1.0
930,arboliva,grass,normal,1.0,2.0,1.0,1.0,1.0,2.0,2.0,2.0,1.0,2.0,1.0,2.0,1.0,1.0,1.0,1.0,1.0,1.0
931,squawkabilly,normal,flying,1.0,1.0,1.0,1.0,2.0,2.0,2.0,1.0,1.0,1.0,1.0,1.0,2.0,1.0,1.0,1.0,1.0,1.0
932,nacli,rock,,1.0,1.0,2.0,2.0,1.0,1.0,2.0,1.0,2.0,1.0,1.0,1.0,1.0,1.0,1.0,1.0,2.0,1.0
933,naclstack,rock,,1.0,1.0,2.0,2.0,1.0,1.0,2.0,1.0,2.0,1.0,1.0,1.0,1.0,1.0,1.0,1.0,2.0,1.0
934,garganacl,rock,,1.0,1.0,2.0,2.0,1.0,1.0,2.0,1.0,2.0,1.0,1.0,1.0,1.0,1.0,1.0,1.0,2.0,1.0
935,charcadet,fire,,1.0,1.0,2.0,1.0,1.0,1.0,1.0,1.0,2.0,1.0,1.0,1.0,2.0,1.0,1.0,1.0,1.0,1.0
936,armarouge,fire,psychic,1.0,1.0,2.0,1.0,1.0,1.0,1.0,1.0,2.0,1.0,1.0,2.0,2.0,2.0,1.0,2.0,1.0,1.0
937,ceruledge,fire,ghost,1.0,1.0,2.0,1.0,1.0,1.0,1.0,1.0,2.0,1.0,1.0,1.0,2.0,2.0,1.0,2.0,1.0,1.0
938,tadbulb,electric,,1.0,1.0,1.0,1.0,1.0,1.0,1.0,1.0,2.0,1.0,1.0,1.0,1.0,1.0,1.0,1.0,1.0,1.0
939,bellibolt,electric,,1.0,1.0,1.0,1.0,1.0,1.0,1.0,1.0,2.0,1.0,1.0,1.0,1.0,1.0,1.0,1.0,1.0,1.0
940,wattrel,electric,flying,1.0,1.0,1.0,1.0,2.0,2.0,1.0,1.0,2.0,1.0,1.0,1.0,2.0,1.0,1.0,1.0,1.0,1.0
941,kilowattrel,electric,flying,1.0,1.0,1.0,1.0,2.0,2.0,1.0,1.0,2.0,1.0,1.0,1.0,2.0,1.0,1.0,1.0,1.0,1.0
942,maschiff,dark,,1.0,1.0,1.0,1.0,1.0,1.0,2.0,1.0,1.0,1.0,1.0,2.0,1.0,1.0,1.0,1.0,1.0,2.0
943,mabosstiff,dark,,1.0,1.0,1.0,1.0,1.0,1.0,2.0,1.0,1.0,1.0,1.0,2.0,1.0,1.0,1.0,1.0,1.0,2.0
944,shroodle,poison,normal,1.0,1.0,1.0,1.0,1.0,1.0,2.0,1.0,2.0,1.0,2.0,1.0,1.0,1.0,1.0,1.0,1.0,1.0
945,grafaiai,poison,normal,1.0,1.0,1.0,1.0,1.0,1.0,2.0,1.0,2.0,1.0,2.0,1.0,1.0,1.0,1.0,1.0,1.0,1.0
946,bramblin,grass,ghost,1.0,2.0,1.0,1.0,1.0,2.0,1.0,2.0,1.0,2.0,1.0,2.0,1.0,2.0,1.0,2.0,1.0,1.0
947,brambleghast,grass,ghost,1.0,2.0,1.0,1.0,1.0,2.0,1.0,2.0,1.0,2.0,1.0,2.0,1.0,2.0,1.0,2.0,1.0,1.0
948,toedscool,ground,grass,1.0,2.0,2.0,2.0,1.0,4.0,1.0,2.0,1.0,2.0,1.0,2.0,1.0,1.0,1.0,1.0,1.0,1.0
949,toedscruel,ground,grass,1.0,2.0,2.0,2.0,1.0,4.0,1.0,2.0,1.0,2.0,1.0,2.0,1.0,1.0,1.0,1.0,1.0,1.0
950,klawf,rock,,1.0,1.0,2.0,2.0,1.0,1.0,2.0,1.0,2.0,1.0,1.0,1.0,1.0,1.0,1.0,1.0,2.0,1.0
951,capsakid,grass,,1.0,2.0,1.0,1.0,1.0,2.0,1.0,2.0,1.0,2.0,1.0,2.0,1.0,1.0,1.0,1.0,1.0,1.0
952,scovillain,grass,fire,1.0,2.0,2.0,1.0,1.0,2.0,1.0,2.0,2.0,2.0,1.0,2.0,2.0,1.0,1.0,1.0,1.0,1.0
953,rellor,bug,,1.0,2.0,1.0,1.0,1.0,1.0,1.0,1.0,1.0,2.0,1.0,1.0,2.0,1.0,1.0,1.0,1.0,1.0
954,rabsca,bug,psychic,1.0,2.0,1.0,1.0,1.0,1.0,1.0,1.0,1.0,2.0,1.0,2.0,2.0,2.0,1.0,2.0,1.0,1.0
955,flittle,psychic,,1.0,1.0,1.0,1.0,1.0,1.0,1.0,1.0,1.0,1.0,1.0,2.0,1.0,2.0,1.0,2.0,1.0,1.0
956,espathra,psychic,,1.0,1.0,1.0,1.0,1.0,1.0,1.0,1.0,1.0,1.0,1.0,2.0,1.0,2.0,1.0,2.0,1.0,1.0
957,tinkatink,fairy,steel,1.0,2.0,1.0,1.0,1.0,1.0,2.0,2.0,2.0,1.0,1.0,1.0,1.0,1.0,1.0,1.0,2.0,1.0
958,tinkatuff,fairy,steel,1.0,2.0,1.0,1.0,1.0,1.0,2.0,2.0,2.0,1.0,1.0,1.0,1.0,1.0,1.0,1.0,2.0,1.0
959,tinkaton,fairy,steel,1.0,2.0,1.0,1.0,1.0,1.0,2.0,2.0,2.0,1.0,1.0,1.0,1.0,1.0,1.0,1.0,2.0,1.0
960,wiglett,water,,1.0,1.0,1.0,2.0,2.0,1.0,1.0,1.0,1.0,1.0,1.0,1.0,1.0,1.0,1.0,1.0,1.0,1.0
961,wugtrio,water,,1.0,1.0,1.0,2.0,2.0,1.0,1.0,1.0,1.0,1.0,1.0,1.0,1.0,1.0,1.0,1.0,1.0,1.0
962,bombirdier,flying,dark,1.0,1.0,1.0,1.0,2.0,2.0,2.0,1.0,1.0,1.0,1.0,2.0,2.0,1.0,1.0,1.0,1.0,2.0
963,finizen,water,,1.0,1.0,1.0,2.0,2.0,1.0,1.0,1.0,1.0,1.0,1.0,1.0,1.0,1.0,1.0,1.0,1.0,1.0
964,palafin,water,,1.0,1.0,1.0,2.0,2.0,1.0,1.0,1.0,1.0,1.0,1.0,1.0,1.0,1.0,1.0,1.0,1.0,1.0
965,varoom,steel,poison,1.0,2.0,1.0,1.0,1.0,1.0,2.0,1.0,4.0,1.0,2.0,1.0,1.0,1.0,1.0,1.0,1.0,1.0
966,revavroom,steel,poison,1.0,2.0,1.0,1.0,1.0,1.0,2.0,1.0,4.0,1.0,2.0,1.0,1.0,1.0,1.0,1.0,1.0,1.0
967,cyclizar,dragon,normal,1.0,1.0,1.0,1.0,1.0,2.0,2.0,1.0,1.0,1.0,1.0,1.0,1.0,1.0,2.0,1.0,1.0,2.0
968,orthworm,steel,,1.0,2.0,1.0,1.0,1.0,1.0,2.0,1.0,2.0,1.0,1.0,1.0,1.0,1.0,1.0,1.0,1.0,1.0
969,glimmet,rock,poison,1.0,1.0,2.0,2.0,1.0,1.0,2.0,1.0,4.0,1.0,2.0,1.0,1.0,1.0,1.0,1.0,2.0,1.0
970,glimmora,rock,poison,1.0,1.0,2.0,2.0,1.0,1.0,2.0,1.0,4.0,1.0,2.0,1.0,1.0,1.0,1.0,1.0,2.0,1.0
971,greavard,ghost,,1.0,1.0,1.0,1.0,1.0,1.0,1.0,1.0,1.0,1.0,1.0,1.0,1.0,2.0,1.0,2.0,1.0,1.0
972,houndstone,ghost,,1.0,1.0,1.0,1.0,1.0,1.0,1.0,1.0,1.0,1.0,1.0,1.0,1.0,2.0,1.0,2.0,1.0,1.0
973,flamigo,flying,fighting,1.0,1.0,1.0,1.0,2.0,2.0,1.0,1.0,1.0,2.0,2.0,1.0,2.0,1.0,1.0,1.0,1.0,2.0
974,cetoddle,ice,,1.0,2.0,1.0,1.0,1.0,1.0,2.0,1.0,1.0,1.0,1.0,1.0,2.0,1.0,1.0,1.0,2.0,1.0
975,cetitan,ice,,1.0,2.0,1.0,1.0,1.0,1.0,2.0,1.0,1.0,1.0,1.0,1.0,2.0,1.0,1.0,1.0,2.0,1.0
976,veluza,water,psychic,1.0,1.0,1.0,2.0,2.0,1.0,1.0,1.0,1.0,1.0,1.0,2.0,1.0,2.0,1.0,2.0,1.0,1.0
977,dondozo,water,,1.0,1.0,1.0,2.0,2.0,1.0,1.0,1.0,1.0,1.0,1.0,1.0,1.0,1.0,1.0,1.0,1.0,1.0
978,tatsugiri,dragon,water,1.0,1.0,1.0,2.0,2.0,2.0,1.0,1.0,1.0,1.0,1.0,1.0,1.0,1.0,2.0,1.0,1.0,2.0
979,annihilape,fighting,ghost,1.0,1.0,1.0,1.0,1.0,1.0,1.0,1.0,1.0,2.0,2.0,1.0,1.0,2.0,1.0,2.0,1.0,2.0
980,clodsire,poison,ground,1.0,1.0,2.0,2.0,1.0,2.0,1.0,1.0,2.0,1.0,2.0,1.0,1.0,1.0,1.0,1.0,1.0,1.0
981,farigiraf,normal,psychic,1.0,1.0,1.0,1.0,1.0,1.0,2.0,1.0,1.0,1.0,1.0,2.0,1.0,2.0,1.0,2.0,1.0,1.0
982,dudunsparce,normal,,1.0,1.0,1.0,1.0,1.0,1.0,2.0,1.0,1.0,1.0,1.0,1.0,1.0,1.0,1.0,1.0,1.0,1.0
983,kingambit,dark,steel,1.0,2.0,1.0,1.0,1.0,1.0,4.0,1.0,2.0,1.0,1.0,2.0,1.0,1.0,1.0,1.0,1.0,2.0
984,great-tusk,ground,fighting,1.0,1.0,2.0,2.0,1.0,2.0,1.0,1.0,1.0,2.0,2.0,1.0,1.0,1.0,1.0,1.0,1.0,2.0
985,scream-tail,fairy,psychic,1.0,1.0,1.0,1.0,1.0,1.0,1.0,2.0,1.0,1.0,1.0,2.0,1.0,2.0,1.0,2.0,2.0,1.0
986,brute-bonnet,grass,dark,1.0,2.0,1.0,1.0,1.0,2.0,2.0,2.0,1.0,2.0,1.0,4.0,1.0,1.0,1.0,1.0,1.0,2.0
987,flutter-mane,ghost,fairy,1.0,1.0,1.0,1.0,1.0,1.0,1.0,2.0,1.0,1.0,1.0,1.0,1.0,2.0,1.0,2.0,2.0,1.0
988,slither-wing,bug,fighting,1.0,2.0,1.0,1.0,1.0,1.0,1.0,1.0,1.0,4.0,2.0,1.0,2.0,1.0,1.0,1.0,1.0,2.0
989,sandy-shocks,electric,ground,1.0,1.0,2.0,2.0,1.0,2.0,1.0,1.0,2.0,1.0,1.0,1.0,1.0,1.0,1.0,1.0,1.0,1.0
990,iron-treads,ground,steel,1.0,2.0,2.0,2.0,1.0,2.0,2.0,1.0,2.0,1.0,1.0,1.0,1.0,1.0,1.0,1.0,1.0,1.0
991,iron-bundle,ice,water,1.0,2.0,1.0,2.0,2.0,1.0,2.0,1.0,1.0,1.0,1.0,1.0,2.0,1.0,1.0,1.0,2.0,1.0
992,iron-hands,fighting,electric,1.0,1.0,1.0,1.0,1.0,1.0,1.0,1.0,2.0,2.0,2.0,1.0,1.0,1.0,1.0,1.0,1.0,2.0
993,iron-jugulis,dark,flying,1.0,1.0,1.0,1.0,2.0,2.0,2.0,1.0,1.0,1.0,1.0,2.0,2.0,1.0,1.0,1.0,1.0,2.0
994,iron-moth,fire,poison,1.0,1.0,2.0,1.0,1.0,1.0,1.0,1.0,4.0,1.0,2.0,1.0,2.0,1.0,1.0,1.0,1.0,1.0
995,iron-thorns,rock,electric,1.0,1.0,2.0,2.0,1.0,1.0,2.0,1.0,4.0,1.0,1.0,1.0,1.0,1.0,1.0,1.0,2.0,1.0
996,frigibax,dragon,ice,1.0,2.0,1.0,1.0,1.0,2.0,2.0,1.0,1.0,1.0,1.0,1.0,2.0,1.0,2.0,1.0,2.0,2.0
997,arctibax,dragon,ice,1.0,2.0,1.0,1.0,1.0,2.0,2.0,1.0,1.0,1.0,1.0,1.0,2.0,1.0,2.0,1.0,2.0,2.0
998,baxcalibur,dragon,ice,1.0,2.0,1.0,1.0,1.0,2.0,2.0,1.0,1.0,1.0,1.0,1.0,2.0,1.0,2.0,1.0,2.0,2.0
999,gimmighoul,ghost,,1.0,1.0,1.0,1.0,1.0,1.0,1.0,1.0,1.0,1.0,1.0,1.0,1.0,2.0,1.0,2.0,1.0,1.0
1000,gholdengo,steel,ghost,1.0,2.0,1.0,1.0,1.0,1.0,2.0,1.0,2.0,1.0,1.0,1.0,1.0,2.0,1.0,2.0,1.0,1.0
1001,wo-chien,dark,grass,1.0,2.0,1.0,1.0,1.0,2.0,2.0,2.0,1.0,2.0,1.0,4.0,1.0,1.0,1.0,1.0,1.0,2.0
1002,chien-pao,dark,ice,1.0,2.0,1.0,1.0,1.0,1.0,4.0,1.0,1.0,1.0,1.0,2.0,2.0,1.0,1.0,1.0,2.0,2.0
1003,ting-lu,dark,ground,1.0,1.0,2.0,2.0,1.0,2.0,2.0,1.0,1.0,1.0,1.0,2.0,1.0,1.0,1.0,1.0,1.0,2.0
1004,chi-yu,dark,fire,1.0,1.0,2.0,1.0,1.0,1.0,2.0,1.0,2.0,1.0,1.0,2.0,2.0,1.0,1.0,1.0,1.0,2.0
1005,roaring-moon,dragon,dark,1.0,1.0,1.0,1.0,1.0,2.0,2.0,1.0,1.0,1.0,1.0,2.0,1.0,1.0,2.0,1.0,1.0,4.0
1006,iron-valiant,fairy,fighting,1.0,1.0,1.0,1.0,1.0,1.0,1.0,2.0,1.0,2.0,2.0,1.0,1.0,1.0,1.0,1.0,2.0,2.0
1007,koraidon,fighting,dragon,1.0,1.0,1.0,1.0,1.0,2.0,1.0,1.0,1.0,2.0,2.0,1.0,1.0,1.0,2.0,1.0,1.0,4.0
1008,miraidon,electric,dragon,1.0,1.0,1.0,1.0,1.0,2.0,1.0,1.0,2.0,1.0,1.0,1.0,1.0,1.0,2.0,1.0,1.0,2.0
1009,walking-wake,water,dragon,1.0,1.0,1.0,2.0,2.0,2.0,1.0,1.0,1.0,1.0,1.0,1.0,1.0,1.0,2.0,1.0,1.0,2.0
1010,iron-leaves,grass,psychic,1.0,2.0,1.0,1.0,1.0,2.0,1.0,2.0,1.0,2.0,1.0,4.0,1.0,2.0,1.0,2.0,1.0,1.0
