Name,Type,Catagory,Power,Acc.,PP,Effect,Prob.,(%)
1,"10,000,000",Volt,Thunderbolt,ELECTRIC,Special,195,—,1,Pikachu-exclusive,Z-Move.,High,critical,hit,ratio.,—
2,Absorb,GRASS,Special,20,100,25,User,recovers,half,the,HP,inflicted,on,opponent.,—
3,Accelerock,ROCK,Physical,40,100,20,User,attacks,first.,—
4,Acid,POISON,Special,40,100,30,May,lower,opponent's,Special,Defense.,10
5,Acid,Armor,POISON,Status,—,—,20,Sharply,raises,user's,Defense.,—
6,Acid,Downpour,POISON,—,—,—,1,Poison,type,Z-Move.,—
7,Acid,Spray,POISON,Special,40,100,20,Sharply,lowers,opponent's,Special,Defense.,100
8,Acrobatics,FLYING,Physical,55,100,15,Stronger,when,the,user,does,not,have,a,held,item.,—
9,Acupressure,NORMAL,Status,—,—,30,Sharply,raises,a,random,stat.,—
10,Aerial,Ace,FLYING,Physical,60,∞,20,Ignores,Accuracy,and,Evasiveness.,—
11,Aeroblast,FLYING,Special,100,95,5,High,critical,hit,ratio.,—
12,After,You,NORMAL,Status,—,—,15,Gives,target,priority,in,the,next,turn.,—
13,Agility,PSYCHIC,Status,—,—,30,Sharply,raises,user's,Speed.,—
14,Air,Cutter,FLYING,Special,60,95,25,High,critical,hit,ratio.,—
15,Air,Slash,FLYING,Special,75,95,15,May,cause,flinching.,30
16,All-Out,Pummeling,FIGHTING,—,—,—,1,Fighting,type,Z-Move.,—
17,Ally,Switch,PSYCHIC,Status,—,—,15,User,switches,with,opposite,teammate.,—
18,Amnesia,PSYCHIC,Status,—,—,20,Sharply,raises,user's,Special,Defense.,—
19,Anchor,Shot,STEEL,Physical,80,100,20,The,user,entangles,the,target,with,its,anchor,chain,while,attacking.,The,target,becomes,unable,to,flee.,—
20,Ancient,Power,ROCK,Special,60,100,5,May,raise,all,user's,stats,at,once.,10
21,Apple,Acid,GRASS,Special,80,100,10,Lowers,target's,Special,Defense.,100
22,Aqua,Cutter,WATER,Physical,70,100,20,High,critical,hit,ratio.,—
23,Aqua,Jet,WATER,Physical,40,100,20,User,attacks,first.,—
24,Aqua,Ring,WATER,Status,—,—,20,Restores,a,little,HP,each,turn.,—
25,Aqua,Step,WATER,Physical,80,100,10,Raises,user's,Speed.,100
26,Aqua,Tail,WATER,Physical,90,90,10,—
27,Arm,Thrust,FIGHTING,Physical,15,100,20,Hits,2-5,times,in,one,turn.,—
28,Armor,Cannon,FIRE,Special,120,100,5,Lowers,user's,Defense,and,Special,Defense.,—
29,Aromatherapy,GRASS,Status,—,—,5,Cures,all,status,problems,in,your,party.,—
30,Aromatic,Mist,FAIRY,Status,—,—,20,Raises,Special,Defense,of,an,ally.,—
31,Assist,NORMAL,Status,—,—,20,User,performs,a,move,known,by,its,allies,at,random.,—
32,Assurance,DARK,Physical,60,100,10,Power,doubles,if,opponent,already,took,damage,in,the,same,turn.,—
33,Astonish,GHOST,Physical,30,100,15,May,cause,flinching.,30
34,Astral,Barrage,GHOST,Special,120,100,5,The,user,attacks,by,sending,a,frightful,amount,of,small,ghosts,at,opposing,Pokémon.,—
35,Attack,Order,BUG,Physical,90,100,15,High,critical,hit,ratio.,—
36,Attract,NORMAL,Status,—,100,15,If,opponent,is,the,opposite,"gender,",it's,less,likely,to,attack.,—
37,Aura,Sphere,FIGHTING,Special,80,∞,20,Ignores,Accuracy,and,Evasiveness.,—
38,Aura,Wheel,ELECTRIC,Physical,110,100,10,Changes,type,based,on,Morpeko's,Mode.,100
39,Aurora,Beam,ICE,Special,65,100,20,May,lower,opponent's,Attack.,10
40,Aurora,Veil,ICE,Status,—,—,20,Halves,damage,from,Physical,and,Special,attacks,for,five,turns.,—
41,Autotomize,STEEL,Status,—,—,15,Reduces,weight,and,sharply,raises,Speed.,—
42,Avalanche,ICE,Physical,60,100,10,Power,doubles,if,user,took,damage,first.,—
43,Axe,Kick,FIGHTING,Physical,120,90,10,May,confuse,opponent.,If,it,"misses,",the,user,loses,HP.,—
44,Baby-Doll,Eyes,FAIRY,Status,—,100,30,Always,goes,first.,Lowers,the,target's,attack.,—
45,Baddy,Bad,DARK,Special,90,100,15,Reduces,damage,from,Physical,attacks.,—
46,Baneful,Bunker,POISON,Status,—,—,10,Protects,the,user,and,poisons,opponent,on,contact.,—
47,Barb,Barrage,POISON,Physical,60,100,10,Inflicts,double,damage,if,the,target,has,a,status,condition.,—
48,Barrage,NORMAL,Physical,15,85,20,Hits,2-5,times,in,one,turn.,—
49,Barrier,PSYCHIC,Status,—,—,20,Sharply,raises,user's,Defense.,—
50,Baton,Pass,NORMAL,Status,—,—,40,User,switches,out,and,gives,stat,changes,to,the,incoming,Pokémon.,—
51,Beak,Blast,FLYING,Physical,100,100,15,The,user,first,heats,up,its,"beak,",and,then,it,attacks,the,target.,Making,direct,contact,with,the,Pokémon,while,it's,heating,up,its,beak,results,in,a,burn.,—
52,Beat,Up,DARK,Physical,—,100,10,Each,Pokémon,in,user's,party,attacks.,—
53,Behemoth,Bash,STEEL,Physical,100,100,5,Damage,doubles,if,target,is,Dynamaxed.,—
54,Behemoth,Blade,STEEL,Physical,100,100,5,Damage,doubles,if,target,is,Dynamaxed.,—
55,Belch,POISON,Special,120,90,10,User,must,have,consumed,a,Berry.,—
56,Belly,Drum,NORMAL,Status,—,—,10,User,loses,50%,of,its,max,"HP,",but,Attack,raises,to,maximum.,—
57,Bestow,NORMAL,Status,—,—,15,Gives,the,user's,held,item,to,the,target.,—
58,Bide,NORMAL,Physical,—,—,10,User,takes,damage,for,two,turns,then,strikes,back,double.,—
59,Bind,NORMAL,Physical,15,85,20,Traps,"opponent,",damaging,them,for,4-5,turns.,100
60,Bite,DARK,Physical,60,100,25,May,cause,flinching.,30
61,Bitter,Blade,FIRE,Physical,90,100,10,User,recovers,half,the,HP,inflicted,on,opponent.,—
62,Bitter,Malice,GHOST,Special,75,100,10,Inflicts,double,damage,if,the,target,has,a,status,condition.,—
63,Black,Hole,Eclipse,DARK,—,—,—,1,Dark,type,Z-Move.,—
64,Blast,Burn,FIRE,Special,150,90,5,User,must,recharge,next,turn.,—
65,Blaze,Kick,FIRE,Physical,85,90,10,High,critical,hit,ratio.,May,burn,opponent.,10
66,Blazing,Torque,FIRE,Physical,80,100,10,—
67,Bleakwind,Storm,FLYING,Special,100,80,10,May,cause,frostbite.,—
68,Blizzard,ICE,Special,110,70,5,May,freeze,opponent.,10
69,Block,NORMAL,Status,—,—,5,Opponent,cannot,flee,or,switch.,—
70,Bloom,Doom,GRASS,—,—,—,1,Grass,type,Z-Move.,—
71,Blue,Flare,FIRE,Special,130,85,5,May,burn,opponent.,20
72,Body,Press,FIGHTING,Physical,80,100,10,The,higher,the,user's,"Defense,",the,stronger,the,attack.,—
73,Body,Slam,NORMAL,Physical,85,100,15,May,paralyze,opponent.,30
74,Bolt,Beak,ELECTRIC,Physical,85,100,10,If,the,user,attacks,before,the,"target,",the,power,of,this,move,is,doubled.,—
75,Bolt,Strike,ELECTRIC,Physical,130,85,5,May,paralyze,opponent.,20
76,Bone,Club,GROUND,Physical,65,85,20,May,cause,flinching.,10
77,Bone,Rush,GROUND,Physical,25,90,10,Hits,2-5,times,in,one,turn.,—
78,Bonemerang,GROUND,Physical,50,90,10,Hits,twice,in,one,turn.,—
79,Boomburst,NORMAL,Special,140,100,10,Hits,all,adjacent,Pokémon.,—
80,Bounce,FLYING,Physical,85,85,5,Springs,up,on,first,"turn,",attacks,on,second.,May,paralyze,opponent.,30
81,Bouncy,Bubble,WATER,Special,90,100,15,User,recovers,half,the,HP,inflicted,on,opponent.,—
82,Branch,Poke,GRASS,Physical,40,100,40,—
83,Brave,Bird,FLYING,Physical,120,100,15,User,receives,recoil,damage.,—
84,Breaking,Swipe,DRAGON,Physical,60,100,15,Hits,multiple,opponents,and,lowers,their,attack.,100
85,Breakneck,Blitz,NORMAL,—,—,—,1,Normal,type,Z-Move.,—
86,Brick,Break,FIGHTING,Physical,75,100,15,Breaks,through,Reflect,and,Light,Screen,barriers.,—
87,Brine,WATER,Special,65,100,10,Power,doubles,if,opponent's,HP,is,less,than,50%.,—
88,Brutal,Swing,DARK,Physical,60,100,20,The,user,swings,its,body,around,violently,to,inflict,damage,on,everything,in,its,vicinity.,—
89,Bubble,WATER,Special,40,100,30,May,lower,opponent's,Speed.,10
90,Bubble,Beam,WATER,Special,65,100,20,May,lower,opponent's,Speed.,10
91,Bug,Bite,BUG,Physical,60,100,20,Receives,the,effect,from,the,opponent's,held,berry.,—
92,Bug,Buzz,BUG,Special,90,100,10,May,lower,opponent's,Special,Defense.,10
93,Bulk,Up,FIGHTING,Status,—,—,20,Raises,user's,Attack,and,Defense.,—
94,Bulldoze,GROUND,Physical,60,100,20,Lowers,opponent's,Speed.,100
95,Bullet,Punch,STEEL,Physical,40,100,30,User,attacks,first.,—
96,Bullet,Seed,GRASS,Physical,25,100,30,Hits,2-5,times,in,one,turn.,—
97,Burn,Up,FIRE,Special,130,100,5,To,inflict,massive,"damage,",the,user,burns,itself,out.,After,using,this,"move,",the,user,will,no,longer,be,Fire,type.,—
98,Burning,Jealousy,FIRE,Special,70,100,5,Hits,all,"opponents,",and,burns,any,that,have,had,their,stats,boosted.,—
99,Buzzy,Buzz,ELECTRIC,Special,90,100,15,Paralyzes,the,opponent.,100
100,Calm,Mind,PSYCHIC,Status,—,—,20,Raises,user's,Special,Attack,and,Special,Defense.,—
101,Camouflage,NORMAL,Status,—,—,20,Changes,user's,type,according,to,the,location.,—
102,Captivate,NORMAL,Status,—,100,20,Sharply,lowers,opponent's,Special,Attack,if,opposite,gender.,—
103,Catastropika,ELECTRIC,Physical,210,—,1,Pikachu-exclusive,Z-Move.,—
104,Ceaseless,Edge,DARK,Physical,65,90,15,High,critical,hit,ratio.,Damages,target,with,splinters,each,turn.,—
105,Celebrate,NORMAL,Status,—,—,40,The,Pokémon,congratulates,you,on,your,special,day.,No,battle,effect.,—
106,Charge,ELECTRIC,Status,—,—,20,Raises,user's,Special,Defense,and,next,Electric,move's,power,increases.,—
107,Charge,Beam,ELECTRIC,Special,50,90,10,May,raise,user's,Special,Attack.,70
108,Charm,FAIRY,Status,—,100,20,Sharply,lowers,opponent's,Attack.,—
109,Chatter,FLYING,Special,65,100,20,Confuses,opponent.,100
110,Chilling,Water,WATER,Special,50,100,20,Lowers,opponent's,Attack.,—
111,Chilly,Reception,ICE,Status,—,—,10,Switches,out,and,summons,a,snowstorm,lasting,5,turns.,—
112,Chip,Away,NORMAL,Physical,70,100,20,Ignores,opponent's,stat,changes.,—
113,Chloroblast,GRASS,Special,150,95,5,User,receives,recoil,damage.,—
114,Circle,Throw,FIGHTING,Physical,60,90,10,In,"battles,",the,opponent,switches.,In,the,"wild,",the,Pokémon,runs.,—
115,Clamp,WATER,Physical,35,85,15,Traps,"opponent,",damaging,them,for,4-5,turns.,100
116,Clanging,Scales,DRAGON,Special,110,100,5,Lowers,user's,Defense.,100
117,Clangorous,Soul,DRAGON,Status,—,100,5,Raises,all,user's,stats,but,loses,HP.,100
118,Clangorous,Soulblaze,DRAGON,Special,185,—,1,Kommo-o,exclusive,Z-Move.,—
119,Clear,Smog,POISON,Special,50,—,15,Removes,all,of,the,target's,stat,changes.,—
120,Close,Combat,FIGHTING,Physical,120,100,5,Lowers,user's,Defense,and,Special,Defense.,100
121,Coaching,FIGHTING,Status,—,—,10,Boosts,Attack,and,Defense,of,a,teammate.,—
122,Coil,POISON,Status,—,—,20,Raises,user's,"Attack,",Defense,and,Accuracy.,—
123,Collision,Course,FIGHTING,Physical,100,100,5,Boosted,even,more,if,it's,super-effective.,—
124,Combat,Torque,FIGHTING,Physical,100,100,10,—
125,Comet,Punch,NORMAL,Physical,18,85,15,Hits,2-5,times,in,one,turn.,—
126,Comeuppance,DARK,Physical,1,100,10,Deals,more,damage,to,the,opponent,that,last,inflicted,damage,on,it.,—
127,Confide,NORMAL,Status,—,—,20,Lowers,opponent's,Special,Attack.,100
128,Confuse,Ray,GHOST,Status,—,100,10,Confuses,opponent.,—
129,Confusion,PSYCHIC,Special,50,100,25,May,confuse,opponent.,10
130,Constrict,NORMAL,Physical,10,100,35,May,lower,opponent's,Speed,by,one,stage.,10
131,Continental,Crush,ROCK,—,—,—,1,Rock,type,Z-Move.,—
132,Conversion,NORMAL,Status,—,—,30,Changes,user's,type,to,that,of,its,first,move.,—
133,Conversion,2,NORMAL,Status,—,—,30,User,changes,type,to,become,resistant,to,opponent's,last,move.,—
134,Copycat,NORMAL,Status,—,—,20,Copies,opponent's,last,move.,—
135,Core,Enforcer,DRAGON,Special,100,100,10,Suppresses,the,target's,ability,if,the,target,has,already,moved.,—
136,Corkscrew,Crash,STEEL,—,—,—,1,Steel,type,Z-Move.,—
137,Corrosive,Gas,POISON,Status,—,100,40,Removes,opponent's,items.,—
138,Cosmic,Power,PSYCHIC,Status,—,—,20,Raises,user's,Defense,and,Special,Defense.,—
139,Cotton,Guard,GRASS,Status,—,—,10,Drastically,raises,user's,Defense.,—
140,Cotton,Spore,GRASS,Status,—,100,40,Sharply,lowers,opponent's,Speed.,—
141,Counter,FIGHTING,Physical,—,100,20,When,hit,by,a,Physical,"Attack,",user,strikes,back,with,2x,power.,—
142,Court,Change,NORMAL,Status,—,100,10,Swaps,the,effects,on,either,side,of,the,field.,—
143,Covet,NORMAL,Physical,60,100,25,Opponent's,item,is,stolen,by,the,user.,—
144,Crabhammer,WATER,Physical,100,90,10,High,critical,hit,ratio.,—
145,Crafty,Shield,FAIRY,Status,—,—,10,Protects,the,Pokémon,from,status,moves.,—
146,Cross,Chop,FIGHTING,Physical,100,80,5,High,critical,hit,ratio.,—
147,Cross,Poison,POISON,Physical,70,100,20,High,critical,hit,ratio.,May,poison,opponent.,10
148,Crunch,DARK,Physical,80,100,15,May,lower,opponent's,Defense.,20
149,Crush,Claw,NORMAL,Physical,75,95,10,May,lower,opponent's,Defense.,50
150,Crush,Grip,NORMAL,Physical,—,100,5,More,powerful,when,opponent,has,higher,HP.,—
151,Curse,GHOST,Status,—,—,10,Ghosts,lose,50%,of,max,HP,and,curse,the,opponent;,Non-Ghosts,raise,"Attack,",Defense,and,lower,Speed.,—
152,Cut,NORMAL,Physical,50,95,30,—
153,Dark,Pulse,DARK,Special,80,100,15,May,cause,flinching.,20
154,Dark,Void,DARK,Status,—,50,10,Puts,all,adjacent,opponents,to,sleep.,—
155,Darkest,Lariat,DARK,Physical,85,100,10,Ignores,opponent's,stat,changes.,—
156,Dazzling,Gleam,FAIRY,Special,80,100,10,Hits,all,adjacent,opponents.,—
157,Decorate,FAIRY,Status,—,—,15,Sharply,raises,target's,Attack,and,Special,Attack.,100
158,Defend,Order,BUG,Status,—,—,10,Raises,user's,Defense,and,Special,Defense.,—
159,Defense,Curl,NORMAL,Status,—,—,40,Raises,user's,Defense.,—
160,Defog,FLYING,Status,—,—,15,Lowers,opponent's,Evasiveness,and,clears,fog.,—
161,Destiny,Bond,GHOST,Status,—,—,5,If,the,user,"faints,",the,opponent,also,faints.,—
162,Detect,FIGHTING,Status,—,—,5,Protects,the,"user,",but,may,fail,if,used,consecutively.,—
163,Devastating,Drake,DRAGON,—,—,—,1,Dragon,type,Z-Move.,—
164,Diamond,Storm,ROCK,Physical,100,95,5,May,sharply,raise,user's,Defense.,50
165,Dig,GROUND,Physical,80,100,10,Digs,underground,on,first,"turn,",attacks,on,second.,Can,also,escape,from,caves.,—
166,Dire,Claw,POISON,Physical,80,100,15,High,critical,hit,ratio.,May,"poison,",paralyze,or,make,the,opponent,drowsy.,—
167,Disable,NORMAL,Status,—,100,20,Opponent,can't,use,its,last,attack,for,a,few,turns.,—
168,Disarming,Voice,FAIRY,Special,40,∞,15,Ignores,Accuracy,and,Evasiveness.,—
169,Discharge,ELECTRIC,Special,80,100,15,May,paralyze,opponent.,30
170,Dive,WATER,Physical,80,100,10,Dives,underwater,on,first,"turn,",attacks,on,second,turn.,—
171,Dizzy,Punch,NORMAL,Physical,70,100,10,May,confuse,opponent.,20
172,Doodle,NORMAL,Status,—,100,10,Changes,the,abilities,of,the,user,and,its,teammates,to,that,of,the,target.,—
173,Doom,Desire,STEEL,Special,140,100,5,Damage,occurs,2,turns,later.,—
174,Double,Hit,NORMAL,Physical,35,90,10,Hits,twice,in,one,turn.,—
175,Double,Iron,Bash,STEEL,Physical,60,100,5,Hits,twice,in,one,turn;,may,cause,flinching.,30
176,Double,Kick,FIGHTING,Physical,30,100,30,Hits,twice,in,one,turn.,—
177,Double,Shock,ELECTRIC,Physical,120,100,5,After,using,this,"move,",the,user,will,no,longer,be,Electric,type.,—
178,Double,Slap,NORMAL,Physical,15,85,10,Hits,2-5,times,in,one,turn.,—
179,Double,Team,NORMAL,Status,—,—,15,Raises,user's,Evasiveness.,—
180,Double-Edge,NORMAL,Physical,120,100,15,User,receives,recoil,damage.,—
181,Draco,Meteor,DRAGON,Special,130,90,5,Sharply,lowers,user's,Special,Attack.,100
182,Dragon,Ascent,FLYING,Physical,120,100,5,Lowers,user's,Defense,and,Special,Defense.,100
183,Dragon,Breath,DRAGON,Special,60,100,20,May,paralyze,opponent.,30
184,Dragon,Claw,DRAGON,Physical,80,100,15,—
185,Dragon,Dance,DRAGON,Status,—,—,20,Raises,user's,Attack,and,Speed.,—
186,Dragon,Darts,DRAGON,Physical,50,100,10,User,attacks,twice.,—
187,Dragon,Energy,DRAGON,Special,150,100,5,The,higher,the,user's,"HP,",the,higher,the,power.,—
188,Dragon,Hammer,DRAGON,Physical,90,100,15,The,user,uses,its,body,like,a,hammer,to,attack,the,target,and,inflict,damage.,—
189,Dragon,Pulse,DRAGON,Special,85,100,10,—
190,Dragon,Rage,DRAGON,Special,—,100,10,Always,inflicts,40,HP.,—
191,Dragon,Rush,DRAGON,Physical,100,75,10,May,cause,flinching.,20
192,Dragon,Tail,DRAGON,Physical,60,90,10,In,"battles,",the,opponent,switches.,In,the,"wild,",the,Pokémon,runs.,—
193,Drain,Punch,FIGHTING,Physical,75,100,10,User,recovers,half,the,HP,inflicted,on,opponent.,—
194,Draining,Kiss,FAIRY,Special,50,100,10,User,recovers,most,the,HP,inflicted,on,opponent.,—
195,Dream,Eater,PSYCHIC,Special,100,100,15,User,recovers,half,the,HP,inflicted,on,a,sleeping,opponent.,—
196,Drill,Peck,FLYING,Physical,80,100,20,—
197,Drill,Run,GROUND,Physical,80,95,10,High,critical,hit,ratio.,—
198,Drum,Beating,GRASS,Physical,80,100,10,Lowers,opponent's,Speed.,100
199,Dual,Chop,DRAGON,Physical,40,90,15,Hits,twice,in,one,turn.,—
200,Dual,Wingbeat,FLYING,Physical,40,90,10,The,user,slams,the,target,with,its,wings.,The,target,is,hit,twice,in,a,row.,—
201,Dynamax,Cannon,DRAGON,Special,100,100,5,Damage,doubles,if,opponent,is,Dynamaxed.,—
202,Dynamic,Punch,FIGHTING,Physical,100,50,5,Confuses,opponent.,100
203,Earth,Power,GROUND,Special,90,100,10,May,lower,opponent's,Special,Defense.,10
204,Earthquake,GROUND,Physical,100,100,10,Power,is,doubled,if,opponent,is,underground,from,using,Dig.,—
205,Echoed,Voice,NORMAL,Special,40,100,15,Power,increases,each,turn.,—
206,Eerie,Impulse,ELECTRIC,Status,—,100,15,Sharply,lowers,opponent's,Special,Attack.,—
207,Eerie,Spell,PSYCHIC,Special,80,100,5,Deals,damage,and,reduces,opponent's,PP.,—
208,Egg,Bomb,NORMAL,Physical,100,75,10,—
209,Electric,Terrain,ELECTRIC,Status,—,—,10,Prevents,all,Pokémon,from,falling,asleep,for,5,turns.,—
210,Electrify,ELECTRIC,Status,—,—,20,Changes,the,target's,move,to,Electric,type.,—
211,Electro,Ball,ELECTRIC,Special,—,100,10,The,faster,the,"user,",the,stronger,the,attack.,—
212,Electro,Drift,ELECTRIC,Special,100,100,5,Boosted,even,more,if,it's,super-effective.,—
213,Electroweb,ELECTRIC,Special,55,95,15,Lowers,opponent's,Speed.,100
214,Embargo,DARK,Status,—,100,15,Opponent,cannot,use,items.,—
215,Ember,FIRE,Special,40,100,25,May,burn,opponent.,10
216,Encore,NORMAL,Status,—,100,5,Forces,opponent,to,keep,using,its,last,move,for,3,turns.,—
217,Endeavor,NORMAL,Physical,—,100,5,Reduces,opponent's,HP,to,same,as,user's.,—
218,Endure,NORMAL,Status,—,—,10,Always,left,with,at,least,1,"HP,",but,may,fail,if,used,consecutively.,—
219,Energy,Ball,GRASS,Special,90,100,10,May,lower,opponent's,Special,Defense.,10
220,Entrainment,NORMAL,Status,—,100,15,Makes,target's,ability,same,as,user's.,—
221,Eruption,FIRE,Special,150,100,5,Stronger,when,the,user's,HP,is,higher.,—
222,Esper,Wing,PSYCHIC,Special,80,100,10,High,critical,hit,ratio.,Raises,user's,Speed.,—
223,Eternabeam,DRAGON,Special,160,90,5,User,can't,move,on,the,next,turn.,—
224,Expanding,Force,PSYCHIC,Special,80,100,10,Increases,power,and,hits,all,opponents,on,Psychic,Terrain.,—
225,Explosion,NORMAL,Physical,250,100,5,User,faints.,—
226,Extrasensory,PSYCHIC,Special,80,100,20,May,cause,flinching.,10
227,Extreme,Evoboost,NORMAL,Status,—,—,1,Eevee-exclusive,Z-Move.,Sharply,raises,all,stats.,100
228,Extreme,Speed,NORMAL,Physical,80,100,5,User,attacks,first.,—
229,Facade,NORMAL,Physical,70,100,20,Power,doubles,if,user,is,"burned,","poisoned,",or,paralyzed.,—
230,Fairy,Lock,FAIRY,Status,—,—,10,Prevents,fleeing,in,the,next,turn.,—
231,Fairy,Wind,FAIRY,Special,40,100,30,—
232,Fake,Out,NORMAL,Physical,40,100,10,User,attacks,"first,",foe,flinches.,Only,usable,on,first,turn.,100
233,Fake,Tears,DARK,Status,—,100,20,Sharply,lowers,opponent's,Special,Defense.,—
234,False,Surrender,DARK,Physical,80,∞,10,Ignores,Accuracy,and,Evasiveness.,—
235,False,Swipe,NORMAL,Physical,40,100,40,Always,leaves,opponent,with,at,least,1,HP.,—
236,Feather,Dance,FLYING,Status,—,100,15,Sharply,lowers,opponent's,Attack.,—
237,Feint,NORMAL,Physical,30,100,10,Only,hits,if,opponent,uses,Protect,or,Detect,in,the,same,turn.,—
238,Feint,Attack,DARK,Physical,60,∞,20,Ignores,Accuracy,and,Evasiveness.,—
239,Fell,Stinger,BUG,Physical,50,100,25,Drastically,raises,user's,Attack,if,target,is,KO'd.,—
240,Fiery,Dance,FIRE,Special,80,100,10,May,raise,user's,Special,Attack.,50
241,Fiery,Wrath,DARK,Special,90,100,10,May,cause,flinching.,20
242,Fillet,Away,NORMAL,Status,—,—,10,Lowers,HP,but,sharply,boosts,"Attack,",Special,"Attack,",and,Speed.,—
243,Final,Gambit,FIGHTING,Special,—,100,5,Inflicts,damage,equal,to,the,user's,remaining,HP.,User,faints.,—
244,Fire,Blast,FIRE,Special,110,85,5,May,burn,opponent.,10
245,Fire,Fang,FIRE,Physical,65,95,15,May,cause,flinching,and/or,burn,opponent.,10
246,Fire,Lash,FIRE,Physical,80,100,15,The,user,strikes,the,target,with,a,burning,lash.,This,also,lowers,the,target's,Defense,stat.,100
247,Fire,Pledge,FIRE,Special,80,100,10,Added,effects,appear,if,combined,with,Grass,Pledge,or,Water,Pledge.,—
248,Fire,Punch,FIRE,Physical,75,100,15,May,burn,opponent.,10
249,Fire,Spin,FIRE,Special,35,85,15,Traps,"opponent,",damaging,them,for,4-5,turns.,100
250,First,Impression,BUG,Physical,90,100,10,Although,this,move,has,great,"power,",it,only,works,the,first,turn,the,user,is,in,battle.,—
251,Fishious,Rend,WATER,Physical,85,100,10,If,the,user,attacks,before,the,"target,",the,power,of,this,move,is,doubled.,—
252,Fissure,GROUND,Physical,—,30,5,"One-Hit-KO,",if,it,hits.,—
253,Flail,NORMAL,Physical,—,100,15,The,lower,the,user's,"HP,",the,higher,the,power.,—
254,Flame,Burst,FIRE,Special,70,100,15,May,also,injure,nearby,Pokémon.,—
255,Flame,Charge,FIRE,Physical,50,100,20,Raises,user's,Speed.,100
256,Flame,Wheel,FIRE,Physical,60,100,25,May,burn,opponent.,10
257,Flamethrower,FIRE,Special,90,100,15,May,burn,opponent.,10
258,Flare,Blitz,FIRE,Physical,120,100,15,User,receives,recoil,damage.,May,burn,opponent.,10
259,Flash,NORMAL,Status,—,100,20,Lowers,opponent's,Accuracy.,—
260,Flash,Cannon,STEEL,Special,80,100,10,May,lower,opponent's,Special,Defense.,10
261,Flatter,DARK,Status,—,100,15,Confuses,"opponent,",but,raises,its,Special,Attack.,—
262,Fleur,Cannon,FAIRY,Special,130,90,5,Sharply,lowers,user's,Special,Attack.,100
263,Fling,DARK,Physical,—,100,10,Power,depends,on,held,item.,—
264,Flip,Turn,WATER,Physical,60,100,20,After,making,its,"attack,",the,user,rushes,back,to,switch,places,with,a,party,Pokémon,in,waiting.,—
265,Floaty,Fall,FLYING,Physical,90,95,15,May,cause,flinching.,30
266,Floral,Healing,FAIRY,Status,—,—,10,The,user,restores,the,target's,HP,by,up,to,half,of,its,max,HP.,It,restores,more,HP,when,the,terrain,is,grass.,—
267,Flower,Shield,FAIRY,Status,—,—,10,Sharply,raises,Defense,of,all,Grass-type,Pokémon,on,the,field.,100
268,Flower,Trick,GRASS,Physical,70,∞,10,Never,misses;,always,results,in,a,critical,hit.,—
269,Fly,FLYING,Physical,90,95,15,Flies,up,on,first,"turn,",attacks,on,second,turn.,—
270,Flying,Press,FIGHTING,Physical,100,95,10,Deals,Fighting,and,Flying,type,damage.,—
271,Focus,Blast,FIGHTING,Special,120,70,5,May,lower,opponent's,Special,Defense.,10
272,Focus,Energy,NORMAL,Status,—,—,30,Increases,critical,hit,ratio.,—
273,Focus,Punch,FIGHTING,Physical,150,100,20,If,the,user,is,hit,before,"attacking,",it,flinches,instead.,—
274,Follow,Me,NORMAL,Status,—,—,20,In,Double,"Battle,",the,user,takes,all,the,attacks.,—
275,Force,Palm,FIGHTING,Physical,60,100,10,May,paralyze,opponent.,30
276,Foresight,NORMAL,Status,—,—,40,Resets,opponent's,"Evasiveness,",and,allows,Normal-,and,Fighting-type,attacks,to,hit,Ghosts.,—
277,Forest's,Curse,GRASS,Status,—,100,20,Adds,Grass,type,to,opponent.,—
278,Foul,Play,DARK,Physical,95,100,15,Uses,the,opponent's,Attack,stat.,—
279,Freeze,Shock,ICE,Physical,140,90,5,Charges,on,first,"turn,",attacks,on,second.,May,paralyze,opponent.,30
280,Freeze-Dry,ICE,Special,70,100,20,May,freeze,opponent.,Super-effective,against,Water,types.,10
281,Freezing,Glare,PSYCHIC,Special,90,100,10,May,freeze,opponent.,10
282,Freezy,Frost,ICE,Special,90,100,15,Resets,all,stat,changes.,—
283,Frenzy,Plant,GRASS,Special,150,90,5,User,must,recharge,next,turn.,—
284,Frost,Breath,ICE,Special,60,90,10,Always,results,in,a,critical,hit.,100
285,Frustration,NORMAL,Physical,—,100,20,Power,decreases,with,higher,Friendship.,—
286,Fury,Attack,NORMAL,Physical,15,85,20,Hits,2-5,times,in,one,turn.,—
287,Fury,Cutter,BUG,Physical,40,95,20,Power,increases,each,turn.,—
288,Fury,Swipes,NORMAL,Physical,18,80,15,Hits,2-5,times,in,one,turn.,—
289,Fusion,Bolt,ELECTRIC,Physical,100,100,5,Power,increases,if,Fusion,Flare,is,used,in,the,same,turn.,—
290,Fusion,Flare,FIRE,Special,100,100,5,Power,increases,if,Fusion,Bolt,is,used,in,the,same,turn.,—
291,Future,Sight,PSYCHIC,Special,120,100,10,Damage,occurs,2,turns,later.,—
292,G-Max,Befuddle,BUG,—,—,∞,5,Butterfree-exclusive,G-Max,Move.,"Poisons,","paralyzes,",or,puts,opponent,to,sleep.,100
293,G-Max,Cannonade,WATER,—,—,∞,10,Blastoise-exclusive,G-Max,Move.,Damages,non-Water,types,for,4,turns.,—
294,G-Max,Centiferno,FIRE,—,—,∞,5,Centiskorch-exclusive,G-Max,Move.,Traps,opponents,for,4-5,turns.,100
295,G-Max,Chi,Strike,FIGHTING,—,—,∞,5,Machamp-exclusive,G-Max,Move.,Increases,critical,hit,ratio.,—
296,G-Max,Cuddle,NORMAL,—,—,∞,5,Eevee-exclusive,G-Max,Move.,Infatuates,opponents.,100
297,G-Max,Depletion,DRAGON,—,—,∞,5,Duraludon-exclusive,G-Max,Move.,Reduces,opponent's,PP.,—
298,G-Max,Drum,Solo,GRASS,—,160,∞,5,Rillaboom-exclusive,G-Max,Move.,Ignores,target's,ability.,—
299,G-Max,Finale,FAIRY,—,—,∞,5,Alcremie-exclusive,G-Max,Move.,Heals,the,user's,team.,—
300,G-Max,Fireball,FIRE,—,160,∞,5,Cinderace-exclusive,G-Max,Move.,Ignores,target's,ability.,—
301,G-Max,Foam,Burst,WATER,—,—,∞,5,Kingler-exclusive,G-Max,Move.,Harshly,lowers,opponents',Speed.,100
302,G-Max,Gold,Rush,NORMAL,—,—,∞,5,Meowth-exclusive,G-Max,Move.,Confuses,opponents,and,earns,more,money.,100
303,G-Max,Gravitas,PSYCHIC,—,—,∞,5,Orbeetle-exclusive,G-Max,Move.,Summons,Gravity,for,5,turns.,—
304,G-Max,Hydrosnipe,WATER,—,160,∞,5,Inteleon-exclusive,G-Max,Move.,Ignores,target's,ability.,—
305,G-Max,Malodor,POISON,—,—,∞,5,Garbodor-exclusive,G-Max,Move.,Poisons,opponents.,100
306,G-Max,Meltdown,STEEL,—,—,∞,5,Melmetal-exclusive,G-Max,Move.,Prevents,opponents,using,the,same,move,twice,in,a,row.,—
307,G-Max,One,Blow,DARK,—,—,∞,5,Urshifu,Single-Strike,Style-exclusive,G-Max,Move.,Strikes,through,Max,Guard,and,Protect.,—
308,G-Max,Rapid,Flow,WATER,—,—,∞,5,Urshifu,Rapid-Strike,Style-exclusive,G-Max,Move.,Strikes,through,Max,Guard,and,Protect.,—
309,G-Max,Replenish,NORMAL,—,—,∞,5,Snorlax-exclusive,G-Max,Move.,Recycles,Berries.,—
310,G-Max,Resonance,ICE,—,—,∞,5,Lapras-exclusive,G-Max,Move.,Reduces,damage,for,5,turns.,—
311,G-Max,Sandblast,GROUND,—,—,∞,5,Sandaconda-exclusive,G-Max,Move.,Traps,opponents,for,4-5,turns.,100
312,G-Max,Smite,FAIRY,—,—,∞,5,Hatterene-exclusive,G-Max,Move.,Confuses,opponents.,100
313,G-Max,Snooze,DARK,—,—,∞,5,Grimmsnarl-exclusive,G-Max,Move.,Makes,opponents,drowsy.,—
314,G-Max,Steelsurge,STEEL,—,—,∞,5,Copperajah-exclusive,G-Max,Move.,Sets,up,Spikes,on,the,field.,—
315,G-Max,Stonesurge,WATER,—,—,∞,5,Drednaw-exclusive,G-Max,Move.,Sets,up,Stealth,Rock.,—
316,G-Max,Stun,Shock,ELECTRIC,—,—,∞,10,Toxtricity-exclusive,G-Max,Move.,Poisons,or,paralyzes,opponents.,100
317,G-Max,Sweetness,GRASS,—,—,∞,10,Appletun-exclusive,G-Max,Move.,Heals,status,conditions,of,user's,team.,—
318,G-Max,Tartness,GRASS,—,—,∞,10,Flapple-exclusive,G-Max,Move.,Reduces,opponents',evasiveness.,100
319,G-Max,Terror,GHOST,—,—,∞,10,Gengar-exclusive,G-Max,Move.,Prevents,opponent,from,switching,out.,—
320,G-Max,Vine,Lash,GRASS,—,—,∞,10,Venusaur-exclusive,G-Max,Move.,Damages,non-Grass,types,for,4,turns.,—
321,G-Max,Volcalith,ROCK,—,—,∞,10,Coalossal-exclusive,G-Max,Move.,Deals,damage,for,4,turns.,100
322,G-Max,Volt,Crash,ELECTRIC,—,—,∞,10,Pikachu-exclusive,G-Max,Move.,Paralyzes,opponents.,100
323,G-Max,Wildfire,FIRE,—,—,∞,10,Charizard-exclusive,G-Max,Move.,Damages,non-Fire,types,for,4,turns.,100
324,G-Max,Wind,Rage,FLYING,—,—,∞,10,Corviknight-exclusive,G-Max,Move.,Removes,battlefield,hazards.,—
325,Gastro,Acid,POISON,Status,—,100,10,Cancels,out,the,effect,of,the,opponent's,Ability.,—
326,Gear,Grind,STEEL,Physical,50,85,15,Hits,twice,in,one,turn.,—
327,Gear,Up,STEEL,Status,—,—,20,The,user,engages,its,gears,to,raise,the,Attack,and,Sp.,Atk,stats,of,ally,Pokémon,with,the,Plus,or,Minus,Ability.,—
328,Genesis,Supernova,PSYCHIC,Special,185,—,1,Mew-exclusive,Z-Move.,—
329,Geomancy,FAIRY,Status,—,—,10,Charges,on,first,"turn,",sharply,raises,user's,Sp.,"Attack,",Sp.,Defense,and,Speed,on,the,second.,—
330,Giga,Drain,GRASS,Special,75,100,10,User,recovers,half,the,HP,inflicted,on,opponent.,—
331,Giga,Impact,NORMAL,Physical,150,90,5,User,must,recharge,next,turn.,—
332,Gigaton,Hammer,STEEL,Physical,160,100,5,Cannot,be,used,twice,in,a,row.,—
333,Gigavolt,Havoc,ELECTRIC,—,—,—,1,Electric,type,Z-Move.,—
334,Glacial,Lance,ICE,Physical,120,100,5,The,user,attacks,by,hurling,a,blizzard-cloaked,icicle,lance,at,opposing,Pokémon.,—
335,Glaciate,ICE,Special,65,95,10,Lowers,opponent's,Speed.,100
336,Glaive,Rush,DRAGON,Physical,120,100,5,Attacks,from,opposing,Pokémon,during,the,next,turn,cannot,miss,and,will,inflict,double,damage.,—
337,Glare,NORMAL,Status,—,100,30,Paralyzes,opponent.,—
338,Glitzy,Glow,PSYCHIC,Special,90,100,15,Reduces,damage,from,Special,attacks.,—
339,Grass,Knot,GRASS,Special,—,100,20,The,heavier,the,"opponent,",the,stronger,the,attack.,—
340,Grass,Pledge,GRASS,Special,80,100,10,Added,effects,appear,if,preceded,by,Water,Pledge,or,succeeded,by,Fire,Pledge.,—
341,Grass,Whistle,GRASS,Status,—,55,15,Puts,opponent,to,sleep.,—
342,Grassy,Glide,GRASS,Physical,60,100,20,High,priority,during,Grassy,Terrain.,—
343,Grassy,Terrain,GRASS,Status,—,—,10,Restores,a,little,HP,of,all,Pokémon,for,5,turns.,—
344,Grav,Apple,GRASS,Physical,80,100,10,Lowers,the,opponent's,Defense,stat.,100
345,Gravity,PSYCHIC,Status,—,—,5,Prevents,moves,like,Fly,and,Bounce,and,the,Ability,Levitate,for,5,turns.,—
346,Growl,NORMAL,Status,—,100,40,Lowers,opponent's,Attack.,—
347,Growth,NORMAL,Status,—,—,20,Raises,user's,Attack,and,Special,Attack.,—
348,Grudge,GHOST,Status,—,—,5,If,the,users,faints,after,using,this,"move,",the,PP,for,the,opponent's,last,move,is,depleted.,—
349,Guard,Split,PSYCHIC,Status,—,—,10,Averages,Defense,and,Special,Defense,with,the,target.,—
350,Guard,Swap,PSYCHIC,Status,—,—,10,User,and,opponent,swap,Defense,and,Special,Defense.,—
351,Guardian,of,Alola,FAIRY,Special,—,—,1,Tapu-exclusive,Z-move.,Cuts,opponent's,HP,by,75%.,—
352,Guillotine,NORMAL,Physical,—,30,5,"One-Hit-KO,",if,it,hits.,—
353,Gunk,Shot,POISON,Physical,120,80,5,May,poison,opponent.,30
354,Gust,FLYING,Special,40,100,35,Hits,Pokémon,using,Fly/Bounce/Sky,Drop,with,double,power.,—
355,Gyro,Ball,STEEL,Physical,—,100,5,The,slower,the,"user,",the,stronger,the,attack.,—
356,Hail,ICE,Status,—,—,10,Non-Ice,types,are,damaged,for,5,turns.,—
357,Hammer,Arm,FIGHTING,Physical,100,90,10,Lowers,user's,Speed.,100
358,Happy,Hour,NORMAL,Status,—,—,30,Doubles,prize,money,from,trainer,battles.,—
359,Harden,NORMAL,Status,—,—,30,Raises,user's,Defense.,—
360,Haze,ICE,Status,—,—,30,Resets,all,stat,changes.,—
361,Head,Charge,NORMAL,Physical,120,100,15,User,receives,recoil,damage.,—
362,Head,Smash,ROCK,Physical,150,80,5,User,receives,recoil,damage.,—
363,Headbutt,NORMAL,Physical,70,100,15,May,cause,flinching.,30
364,Headlong,Rush,GROUND,Physical,120,100,5,Lowers,user's,Defense.,—
365,Heal,Bell,NORMAL,Status,—,—,5,Heals,the,user's,party's,status,conditions.,—
366,Heal,Block,PSYCHIC,Status,—,100,15,Prevents,the,opponent,from,restoring,HP,for,5,turns.,—
367,Heal,Order,BUG,Status,—,—,10,User,recovers,half,its,max,HP.,—
368,Heal,Pulse,PSYCHIC,Status,—,—,10,Restores,half,the,target's,max,HP.,—
369,Healing,Wish,PSYCHIC,Status,—,—,10,The,user,faints,and,the,next,Pokémon,released,is,fully,healed.,—
370,Heart,Stamp,PSYCHIC,Physical,60,100,25,May,cause,flinching.,30
371,Heart,Swap,PSYCHIC,Status,—,—,10,Stat,changes,are,swapped,with,the,opponent.,—
372,Heat,Crash,FIRE,Physical,—,100,10,The,heavier,the,"user,",the,stronger,the,attack.,—
373,Heat,Wave,FIRE,Special,95,90,10,May,burn,opponent.,10
374,Heavy,Slam,STEEL,Physical,—,100,10,The,heavier,the,"user,",the,stronger,the,attack.,—
375,Helping,Hand,NORMAL,Status,—,—,20,In,Double,"Battles,",boosts,the,power,of,the,partner's,move.,—
376,Hex,GHOST,Special,65,100,10,Inflicts,more,damage,if,the,target,has,a,status,condition.,—
377,Hidden,Power,NORMAL,Special,60,100,15,Type,and,power,depends,on,user's,IVs.,—
378,High,Horsepower,GROUND,Physical,95,95,10,The,user,fiercely,attacks,the,target,using,its,entire,body.,—
379,High,Jump,Kick,FIGHTING,Physical,130,90,10,If,it,"misses,",the,user,loses,half,their,HP.,—
380,Hold,Back,NORMAL,Physical,40,100,40,Always,leaves,opponent,with,at,least,1,HP.,—
381,Hold,Hands,NORMAL,Status,—,—,40,Makes,the,user,and,an,ally,very,happy.,—
382,Hone,Claws,DARK,Status,—,—,15,Raises,user's,Attack,and,Accuracy.,—
383,Horn,Attack,NORMAL,Physical,65,100,25,—
384,Horn,Drill,NORMAL,Physical,—,30,5,"One-Hit-KO,",if,it,hits.,—
385,Horn,Leech,GRASS,Physical,75,100,10,User,recovers,half,the,HP,inflicted,on,opponent.,—
386,Howl,NORMAL,Status,—,—,40,Raises,Attack,of,allies.,—
387,Hurricane,FLYING,Special,110,70,10,May,confuse,opponent.,30
388,Hydro,Cannon,WATER,Special,150,90,5,User,must,recharge,next,turn.,—
389,Hydro,Pump,WATER,Special,110,80,5,—
390,Hydro,Steam,WATER,Special,80,100,15,Power,increases,in,harsh,sunlight.,—
391,Hydro,Vortex,WATER,—,—,—,1,Water,type,Z-Move.,—
392,Hyper,Beam,NORMAL,Special,150,90,5,User,must,recharge,next,turn.,—
393,Hyper,Drill,NORMAL,Physical,100,100,5,Can,strike,through,Protect/Detect.,—
394,Hyper,Fang,NORMAL,Physical,80,90,15,May,cause,flinching.,10
395,Hyper,Voice,NORMAL,Special,90,100,10,—
396,Hyperspace,Fury,DARK,Physical,100,∞,5,Lowers,user's,Defense.,Can,strike,through,Protect/Detect.,100
397,Hyperspace,Hole,PSYCHIC,Special,80,∞,5,Can,strike,through,Protect/Detect.,—
398,Hypnosis,PSYCHIC,Status,—,60,20,Puts,opponent,to,sleep.,—
399,Ice,Ball,ICE,Physical,30,90,20,Doubles,in,power,each,turn,for,5,turns.,—
400,Ice,Beam,ICE,Special,90,100,10,May,freeze,opponent.,10
401,Ice,Burn,ICE,Special,140,90,5,Charges,on,first,"turn,",attacks,on,second.,May,burn,opponent.,30
402,Ice,Fang,ICE,Physical,65,95,15,May,cause,flinching,and/or,freeze,opponent.,10
403,Ice,Hammer,ICE,Physical,100,90,10,The,user,swings,and,hits,with,its,"strong,",heavy,fist.,It,lowers,the,user's,"Speed,",however.,100
404,Ice,Punch,ICE,Physical,75,100,15,May,freeze,opponent.,10
405,Ice,Shard,ICE,Physical,40,100,30,User,attacks,first.,—
406,Ice,Spinner,ICE,Physical,80,100,15,Removes,effects,of,Terrain.,—
407,Icicle,Crash,ICE,Physical,85,90,10,May,cause,flinching.,30
408,Icicle,Spear,ICE,Physical,25,100,30,Hits,2-5,times,in,one,turn.,—
409,Icy,Wind,ICE,Special,55,95,15,Lowers,opponent's,Speed.,100
410,Imprison,PSYCHIC,Status,—,—,10,Opponent,is,unable,to,use,moves,that,the,user,also,knows.,—
411,Incinerate,FIRE,Special,60,100,15,Destroys,the,target's,held,berry.,—
412,Infernal,Parade,GHOST,Special,60,100,15,Inflicts,double,damage,if,the,target,has,a,status,condition.,—
413,Inferno,FIRE,Special,100,50,5,Burns,opponent.,100
414,Inferno,Overdrive,FIRE,—,—,—,1,Fire,type,Z-Move.,—
415,Infestation,BUG,Special,20,100,20,Traps,"opponent,",damaging,them,for,4-5,turns.,100
416,Ingrain,GRASS,Status,—,—,20,User,restores,HP,each,turn.,User,cannot,escape/switch.,—
417,Instruct,PSYCHIC,Status,—,—,15,Allows,an,ally,to,use,a,move,instead.,—
418,Ion,Deluge,ELECTRIC,Status,—,—,25,Changes,Normal-type,moves,to,Electric-type.,—
419,Iron,Defense,STEEL,Status,—,—,15,Sharply,raises,user's,Defense.,—
420,Iron,Head,STEEL,Physical,80,100,15,May,cause,flinching.,30
421,Iron,Tail,STEEL,Physical,100,75,15,May,lower,opponent's,Defense.,30
422,Jaw,Lock,DARK,Physical,80,100,10,Prevents,user,and,opponent,from,switching,out.,—
423,Jet,Punch,WATER,Physical,60,100,15,Always,goes,first.,—
424,Judgment,NORMAL,Special,100,100,10,Type,depends,on,the,Arceus,Plate,being,held.,—
425,Jump,Kick,FIGHTING,Physical,100,95,10,If,it,"misses,",the,user,loses,half,their,HP.,—
426,Jungle,Healing,GRASS,Status,—,—,10,Restores,team's,HP,and,cures,status,conditions.,—
427,Karate,Chop,FIGHTING,Physical,50,100,25,High,critical,hit,ratio.,—
428,Kinesis,PSYCHIC,Status,—,80,15,Lowers,opponent's,Accuracy.,—
429,King's,Shield,STEEL,Status,—,—,10,Protects,the,user,and,lowers,opponent's,Attack,on,contact.,—
430,Knock,Off,DARK,Physical,65,100,20,Removes,opponent's,held,item,for,the,rest,of,the,battle.,—
431,Kowtow,Cleave,DARK,Physical,85,∞,10,Always,hits.,—
432,Land's,Wrath,GROUND,Physical,90,100,10,—
433,Laser,Focus,NORMAL,Status,—,—,30,User's,next,attack,is,guaranteed,to,result,in,a,critical,hit.,—
434,Lash,Out,DARK,Physical,75,100,5,Double,power,if,stats,were,lowered,during,the,turn.,—
435,Last,Resort,NORMAL,Physical,140,100,5,Can,only,be,used,after,all,other,moves,are,used.,—
436,Last,Respects,GHOST,Physical,50,100,10,Damages,increases,the,more,party,Pokémon,have,been,defeated.,—
437,Lava,Plume,FIRE,Special,80,100,15,May,burn,opponent.,30
438,Leaf,Blade,GRASS,Physical,90,100,15,High,critical,hit,ratio.,—
439,Leaf,Storm,GRASS,Special,130,90,5,Sharply,lowers,user's,Special,Attack.,100
440,Leaf,Tornado,GRASS,Special,65,90,10,May,lower,opponent's,Accuracy.,50
441,Leafage,GRASS,Physical,40,100,40,Strikes,opponent,with,leaves.,—
442,Leech,Life,BUG,Physical,80,100,10,User,recovers,half,the,HP,inflicted,on,opponent.,—
443,Leech,Seed,GRASS,Status,—,90,10,Drains,HP,from,opponent,each,turn.,—
444,Leer,NORMAL,Status,—,100,30,Lowers,opponent's,Defense.,100
445,Let's,Snuggle,Forever,FAIRY,Physical,190,—,1,Mimikyu-exclusive,Z-Move.,—
446,Lick,GHOST,Physical,30,100,30,May,paralyze,opponent.,30
447,Life,Dew,WATER,Status,—,—,10,User,and,teammates,recover,HP.,—
448,Light,of,Ruin,FAIRY,Special,140,90,5,User,receives,recoil,damage.,—
449,Light,Screen,PSYCHIC,Status,—,—,30,Halves,damage,from,Special,attacks,for,5,turns.,—
450,Light,That,Burns,the,Sky,PSYCHIC,Special,200,—,1,Ultra,Necrozma-exclusive,Z-Move.,Ignores,target's,ability;,uses,highest,Attack,stat.,—
451,Liquidation,WATER,Physical,85,100,10,May,lower,opponent's,Defense.,20
452,Lock-On,NORMAL,Status,—,—,5,User's,next,attack,is,guaranteed,to,hit.,—
453,Lovely,Kiss,NORMAL,Status,—,75,10,Puts,opponent,to,sleep.,—
454,Low,Kick,FIGHTING,Physical,—,100,20,The,heavier,the,"opponent,",the,stronger,the,attack.,—
455,Low,Sweep,FIGHTING,Physical,65,100,20,Lowers,opponent's,Speed.,100
456,Lucky,Chant,NORMAL,Status,—,—,30,Opponent,cannot,land,critical,hits,for,5,turns.,—
457,Lumina,Crash,PSYCHIC,Special,80,100,10,Harshly,lowers,target’s,Special,Defense.,—
458,Lunar,Blessing,PSYCHIC,Status,—,—,5,Heals,user's,status,conditions,and,recovers,HP.,—
459,Lunar,Dance,PSYCHIC,Status,—,—,10,The,user,faints,but,the,next,Pokémon,released,is,fully,healed.,—
460,Lunge,BUG,Physical,80,100,15,The,user,makes,a,lunge,at,the,"target,",attacking,with,full,force.,This,also,lowers,the,target's,Attack,stat.,100
461,Luster,Purge,PSYCHIC,Special,70,100,5,May,lower,opponent's,Special,Defense.,50
462,Mach,Punch,FIGHTING,Physical,40,100,30,User,attacks,first.,—
463,Magic,Coat,PSYCHIC,Status,—,—,15,Reflects,moves,that,cause,status,conditions,back,to,the,attacker.,—
464,Magic,Powder,PSYCHIC,Status,—,100,20,Changes,target's,type,to,Psychic.,—
465,Magic,Room,PSYCHIC,Status,—,—,10,Suppresses,the,effects,of,held,items,for,five,turns.,—
466,Magical,Leaf,GRASS,Special,60,∞,20,Ignores,Accuracy,and,Evasiveness.,—
467,Magical,Torque,FAIRY,Physical,100,100,10,—
468,Magma,Storm,FIRE,Special,100,75,5,Traps,"opponent,",damaging,them,for,4-5,turns.,100
469,Magnet,Bomb,STEEL,Physical,60,∞,20,Ignores,Accuracy,and,Evasiveness.,—
470,Magnet,Rise,ELECTRIC,Status,—,—,10,User,becomes,immune,to,Ground-type,moves,for,5,turns.,—
471,Magnetic,Flux,ELECTRIC,Status,—,—,20,Raises,Defense,and,Sp.,Defense,of,Plus/Minus,Pokémon.,—
472,Magnitude,GROUND,Physical,—,100,30,Hits,with,random,power.,—
473,Make,It,Rain,STEEL,Special,120,100,5,Lowers,user's,Special,Attack.,Money,is,earned,after,the,battle.,—
474,Malicious,Moonsault,DARK,Physical,180,—,1,Incineroar-exclusive,Z-Move.,—
475,Mat,Block,FIGHTING,Status,—,—,10,Protects,teammates,from,damaging,moves.,—
476,Max,Airstream,FLYING,—,—,—,—,Flying,type,Dynamax,move.,Raises,the,team's,Speed.,100
477,Max,Darkness,DARK,—,—,—,—,Dark,type,Dynamax,move.,Lowers,the,target's,Special,Defense.,100
478,Max,Flare,FIRE,—,—,—,—,Fire,type,Dynamax,move.,Summons,harsh,sunlight.,—
479,Max,Flutterby,BUG,—,—,—,—,Bug,type,Dynamax,move.,Lowers,the,target's,Special,Attack.,100
480,Max,Geyser,WATER,—,—,—,—,Water,type,Dynamax,move.,Summons,heavy,rain.,—
481,Max,Guard,NORMAL,—,—,—,—,Status,category,Dynamax,move.,Protects,the,user.,—
482,Max,Hailstorm,ICE,—,—,—,—,Ice,type,Dynamax,move.,Summons,hail.,—
483,Max,Knuckle,FIGHTING,—,—,—,—,Fighting,type,Dynamax,move.,Increases,the,team's,Attack.,100
484,Max,Lightning,ELECTRIC,—,—,—,—,Electric,type,Dynamax,move.,Summons,Electric,Terrain.,—
485,Max,Mindstorm,PSYCHIC,—,—,—,—,Psychic,type,Dynamax,move.,Summons,Psychic,Terrain.,—
486,Max,Ooze,POISON,—,—,—,—,Poison,type,Dynamax,move.,Increases,the,team's,Special,Attack.,100
487,Max,Overgrowth,GRASS,—,—,—,—,Grass,type,Dynamax,move.,Summons,Grassy,Terrain.,—
488,Max,Phantasm,GHOST,—,—,—,—,Ghost,type,Dynamax,move.,Lowers,the,target's,Defense.,100
489,Max,Quake,GROUND,—,—,—,—,Ground,type,Dynamax,move.,Increases,the,team's,Special,Defense.,100
490,Max,Rockfall,ROCK,—,—,—,—,Rock,type,Dynamax,move.,Summons,a,sandstorm.,—
491,Max,Starfall,FAIRY,—,—,—,—,Fairy,type,Dynamax,move.,Summons,Misty,Terrain.,—
492,Max,Steelspike,STEEL,—,—,—,—,Steel,type,Dynamax,move.,Raises,the,team's,Defense.,100
493,Max,Strike,NORMAL,—,—,—,—,Normal,type,Dynamax,move.,Lowers,the,target's,Speed.,100
494,Max,Wyrmwind,DRAGON,—,—,—,—,Dragon,type,Dynamax,move.,Lowers,the,target's,Attack.,100
495,Me,First,NORMAL,Status,—,—,20,User,copies,the,opponent's,attack,with,1.5×,power.,—
496,Mean,Look,NORMAL,Status,—,—,5,Opponent,cannot,flee,or,switch.,—
497,Meditate,PSYCHIC,Status,—,—,40,Raises,user's,Attack.,—
498,Mega,Drain,GRASS,Special,40,100,15,User,recovers,half,the,HP,inflicted,on,opponent.,—
499,Mega,Kick,NORMAL,Physical,120,75,5,—
500,Mega,Punch,NORMAL,Physical,80,85,20,—
501,Megahorn,BUG,Physical,120,85,10,—
502,Memento,DARK,Status,—,100,10,User,"faints,",sharply,lowers,opponent's,Attack,and,Special,Attack.,—
503,Menacing,Moonraze,Maelstrom,GHOST,Special,200,—,1,Lunala-exclusive,Z-Move.,—
504,Metal,Burst,STEEL,Physical,—,100,10,Deals,damage,equal,to,1.5x,opponent's,attack.,—
505,Metal,Claw,STEEL,Physical,50,95,35,May,raise,user's,Attack.,10
506,Metal,Sound,STEEL,Status,—,85,40,Sharply,lowers,opponent's,Special,Defense.,—
507,Meteor,Assault,FIGHTING,Physical,150,100,5,User,must,recharge,next,turn.,—
508,Meteor,Beam,ROCK,Special,120,90,10,User,gathers,space,power,and,boosts,its,Sp.,Atk,"stat,",then,attacks,the,target,on,the,next,turn.,—
509,Meteor,Mash,STEEL,Physical,90,90,10,May,raise,user's,Attack.,20
510,Metronome,NORMAL,Status,—,—,10,User,performs,almost,any,move,in,the,game,at,random.,—
511,Milk,Drink,NORMAL,Status,—,—,5,User,recovers,half,its,max,HP.,—
512,Mimic,NORMAL,Status,—,—,10,Copies,the,opponent's,last,move.,—
513,Mind,Blown,FIRE,Special,150,100,5,User,receives,recoil,damage.,—
514,Mind,Reader,NORMAL,Status,—,—,5,User's,next,attack,is,guaranteed,to,hit.,—
515,Minimize,NORMAL,Status,—,—,10,Sharply,raises,user's,Evasiveness.,—
516,Miracle,Eye,PSYCHIC,Status,—,—,40,Resets,opponent's,"Evasiveness,",removes,Dark's,Psychic,immunity.,—
517,Mirror,Coat,PSYCHIC,Special,—,100,20,When,hit,by,a,Special,"Attack,",user,strikes,back,with,2x,power.,—
518,Mirror,Move,FLYING,Status,—,—,20,User,performs,the,opponent's,last,move.,—
519,Mirror,Shot,STEEL,Special,65,85,10,May,lower,opponent's,Accuracy.,30
520,Mist,ICE,Status,—,—,30,User's,stats,cannot,be,changed,for,a,period,of,time.,—
521,Mist,Ball,PSYCHIC,Special,70,100,5,May,lower,opponent's,Special,Attack.,50
522,Misty,Explosion,FAIRY,Special,100,100,5,Power,increases,on,Misty,Terrain.,—
523,Misty,Terrain,FAIRY,Status,—,—,10,Protects,the,field,from,status,conditions,for,5,turns.,—
524,Moonblast,FAIRY,Special,95,100,15,May,lower,opponent's,Special,Attack.,30
525,Moongeist,Beam,GHOST,Special,100,100,5,Ignores,the,target's,ability.,—
526,Moonlight,FAIRY,Status,—,—,5,User,recovers,HP.,Amount,varies,with,the,weather.,—
527,Morning,Sun,NORMAL,Status,—,—,5,User,recovers,HP.,Amount,varies,with,the,weather.,—
528,Mortal,Spin,POISON,Physical,30,100,15,Removes,entry,hazards,and,trap,move,"effects,",and,poisons,opposing,Pokémon.,—
529,Mountain,Gale,ICE,Physical,100,85,10,Lowers,user's,Speed.,—
530,Mud,Bomb,GROUND,Special,65,85,10,May,lower,opponent's,Accuracy.,30
531,Mud,Shot,GROUND,Special,55,95,15,Lowers,opponent's,Speed.,100
532,Mud,Sport,GROUND,Status,—,—,15,Weakens,the,power,of,Electric-type,moves.,—
533,Mud-Slap,GROUND,Special,20,100,10,Lowers,opponent's,Accuracy.,100
534,Muddy,Water,WATER,Special,90,85,10,May,lower,opponent's,Accuracy.,30
535,Multi-Attack,NORMAL,Physical,120,100,10,Type,matches,Memory,item,held.,—
536,Mystical,Fire,FIRE,Special,75,100,10,Lowers,opponent's,Special,Attack.,100
537,Mystical,Power,PSYCHIC,Special,70,90,10,Raises,user's,Attack,or,Defense.,—
538,Nasty,Plot,DARK,Status,—,—,20,Sharply,raises,user's,Special,Attack.,—
539,Natural,Gift,NORMAL,Physical,—,100,15,Power,and,type,depend,on,the,user's,held,berry.,—
540,Nature,Power,NORMAL,Status,—,—,20,Uses,a,certain,move,based,on,the,current,terrain.,—
541,Nature's,Madness,FAIRY,Special,—,90,10,Halves,the,foe's,HP.,—
542,Needle,Arm,GRASS,Physical,60,100,15,May,cause,flinching.,30
543,Never-Ending,Nightmare,GHOST,—,—,—,1,Ghost,type,Z-Move.,—
544,Night,Daze,DARK,Special,85,95,10,May,lower,opponent's,Accuracy.,40
545,Night,Shade,GHOST,Special,—,100,15,Inflicts,damage,equal,to,user's,level.,—
546,Night,Slash,DARK,Physical,70,100,15,High,critical,hit,ratio.,—
547,Nightmare,GHOST,Status,—,100,15,The,sleeping,opponent,loses,25%,of,its,max,HP,each,turn.,—
548,No,Retreat,FIGHTING,Status,—,—,5,Raises,all,stats,but,user,cannot,switch,out.,100
549,Noble,Roar,NORMAL,Status,—,100,30,Lowers,opponent's,Attack,and,Special,Attack.,100
550,Noxious,Torque,POISON,Physical,100,100,10,—
551,Nuzzle,ELECTRIC,Physical,20,100,20,Paralyzes,opponent.,100
552,Oblivion,Wing,FLYING,Special,80,100,10,User,recovers,most,of,the,HP,inflicted,on,opponent.,—
553,Obstruct,DARK,Status,—,100,10,Protects,the,user,and,sharply,lowers,Defence,on,contact.,—
554,Oceanic,Operetta,WATER,Special,195,—,1,Primarina-exclusive,Z-Move.,—
555,Octazooka,WATER,Special,65,85,10,May,lower,opponent's,Accuracy.,50
556,Octolock,FIGHTING,Status,—,100,15,Lowers,opponent's,Defense,and,Special,Defense,every,"turn,",and,they,cannot,flee,or,switch,out.,—
557,Odor,Sleuth,NORMAL,Status,—,—,40,Resets,opponent's,"Evasiveness,",and,allows,Normal-,and,Fighting-type,attacks,to,hit,Ghosts.,—
558,Ominous,Wind,GHOST,Special,60,100,5,May,raise,all,user's,stats,at,once.,10
559,Order,Up,DRAGON,Physical,80,100,10,—
560,Origin,Pulse,WATER,Special,110,85,10,Hits,all,adjacent,opponents.,—
561,Outrage,DRAGON,Physical,120,100,10,User,attacks,for,2-3,turns,but,then,becomes,confused.,—
562,Overdrive,ELECTRIC,Special,80,100,10,Hits,all,adjacent,opponents.,—
563,Overheat,FIRE,Special,130,90,5,Sharply,lowers,user's,Special,Attack.,100
564,Pain,Split,NORMAL,Status,—,—,20,The,user's,and,opponent's,HP,becomes,the,average,of,both.,—
565,Parabolic,Charge,ELECTRIC,Special,65,100,20,User,recovers,half,the,HP,inflicted,on,opponent.,—
566,Parting,Shot,DARK,Status,—,100,20,Lowers,opponent's,Attack,and,Special,Attack,then,switches,out.,100
567,Pay,Day,NORMAL,Physical,40,100,20,Money,is,earned,after,the,battle.,—
568,Payback,DARK,Physical,50,100,10,Power,doubles,if,the,user,was,attacked,first.,—
569,Peck,FLYING,Physical,35,100,35,—
570,Perish,Song,NORMAL,Status,—,—,5,Any,Pokémon,in,play,when,this,attack,is,used,faints,in,3,turns.,—
571,Petal,Blizzard,GRASS,Physical,90,100,15,Hits,all,adjacent,Pokémon.,—
572,Petal,Dance,GRASS,Special,120,100,10,User,attacks,for,2-3,turns,but,then,becomes,confused.,—
573,Phantom,Force,GHOST,Physical,90,100,10,Disappears,on,first,"turn,",attacks,on,second.,Can,strike,through,Protect/Detect.,—
574,Photon,Geyser,PSYCHIC,Special,100,100,5,Uses,Attack,or,Special,Attack,"stat,",whichever,is,higher.,—
575,Pika,Papow,ELECTRIC,Special,—,∞,20,Power,increases,when,player's,bond,is,stronger.,—
576,Pin,Missile,BUG,Physical,25,95,20,Hits,2-5,times,in,one,turn.,—
577,Plasma,Fists,ELECTRIC,Physical,100,100,15,Changes,Normal-type,moves,to,Electric-type,moves.,—
578,Play,Nice,NORMAL,Status,—,—,20,Lowers,opponent's,Attack.,Always,hits.,100
579,Play,Rough,FAIRY,Physical,90,90,10,May,lower,opponent's,Attack.,10
580,Pluck,FLYING,Physical,60,100,20,If,the,opponent,is,holding,a,"berry,",its,effect,is,stolen,by,user.,—
581,Poison,Fang,POISON,Physical,50,100,15,May,badly,poison,opponent.,50
582,Poison,Gas,POISON,Status,—,90,40,Poisons,opponent.,—
583,Poison,Jab,POISON,Physical,80,100,20,May,poison,the,opponent.,30
584,Poison,Powder,POISON,Status,—,75,35,Poisons,opponent.,—
585,Poison,Sting,POISON,Physical,15,100,35,May,poison,the,opponent.,30
586,Poison,Tail,POISON,Physical,50,100,25,High,critical,hit,ratio.,May,poison,opponent.,10
587,Pollen,Puff,BUG,Special,90,100,15,Deals,damage,to,opponent,or,restores,HP,of,teammate.,—
588,Poltergeist,GHOST,Physical,110,90,5,Fails,if,the,target,doesn’t,have,an,item.,—
589,Population,Bomb,NORMAL,Physical,20,90,10,Hits,1-10,times,in,a,row.,—
590,Pounce,BUG,Physical,50,100,20,Lowers,opponent's,Speed.,100
591,Pound,NORMAL,Physical,40,100,35,—
592,Powder,BUG,Status,—,100,20,Damages,Pokémon,using,Fire,type,moves.,—
593,Powder,Snow,ICE,Special,40,100,25,May,freeze,opponent.,10
594,Power,Gem,ROCK,Special,80,100,20,—
595,Power,Shift,NORMAL,Status,—,—,10,Switches,offensive,and,defensive,stats.,—
596,Power,Split,PSYCHIC,Status,—,—,10,Averages,Attack,and,Special,Attack,with,the,target.,—
597,Power,Swap,PSYCHIC,Status,—,—,10,User,and,opponent,swap,Attack,and,Special,Attack.,—
598,Power,Trick,PSYCHIC,Status,—,—,10,User's,own,Attack,and,Defense,switch.,—
599,Power,Trip,DARK,Physical,20,100,10,The,user,boasts,its,strength,and,attacks,the,target.,The,more,the,user's,stats,are,"raised,",the,greater,the,move's,power.,—
600,Power,Whip,GRASS,Physical,120,85,10,—
601,Power-Up,Punch,FIGHTING,Physical,40,100,20,Raises,Attack.,100
602,Precipice,Blades,GROUND,Physical,120,85,10,Hits,all,adjacent,opponents.,—
603,Present,NORMAL,Physical,—,90,15,Either,deals,damage,or,heals.,—
604,Prismatic,Laser,PSYCHIC,Special,160,100,10,The,user,shoots,powerful,lasers,using,the,power,of,a,prism.,The,user,can't,move,on,the,next,turn.,—
605,Protect,NORMAL,Status,—,—,10,Protects,the,"user,",but,may,fail,if,used,consecutively.,—
606,Psybeam,PSYCHIC,Special,65,100,20,May,confuse,opponent.,10
607,Psyblade,PSYCHIC,Physical,80,100,15,Power,increases,on,Electric,Terrain.,—
608,Psych,Up,NORMAL,Status,—,—,10,Copies,the,opponent's,stat,changes.,—
609,Psychic,PSYCHIC,Special,90,100,10,May,lower,opponent's,Special,Defense.,10
610,Psychic,Fangs,PSYCHIC,Physical,85,100,10,The,user,bites,the,target,with,its,psychic,capabilities.,This,can,also,destroy,Light,Screen,and,Reflect.,—
611,Psychic,Terrain,PSYCHIC,Status,—,—,10,Prevents,priority,moves,from,being,used,for,5,turns.,—
612,Psycho,Boost,PSYCHIC,Special,140,90,5,Sharply,lowers,user's,Special,Attack.,100
613,Psycho,Cut,PSYCHIC,Physical,70,100,20,High,critical,hit,ratio.,—
614,Psycho,Shift,PSYCHIC,Status,—,100,10,Transfers,user's,status,condition,to,the,opponent.,—
615,Psyshield,Bash,PSYCHIC,Physical,70,90,10,Raises,user's,Defense,and,Special,Defense.,—
616,Psyshock,PSYCHIC,Special,80,100,10,Inflicts,damage,based,on,the,target's,"Defense,",not,Special,Defense.,—
617,Psystrike,PSYCHIC,Special,100,100,10,Inflicts,damage,based,on,the,target's,"Defense,",not,Special,Defense.,—
618,Psywave,PSYCHIC,Special,—,100,15,Inflicts,damage,50-150%,of,user's,level.,—
619,Pulverizing,Pancake,NORMAL,Physical,210,—,1,Snorlax-exclusive,Normal,type,Z-Move.,—
620,Punishment,DARK,Physical,—,100,5,Power,increases,when,opponent's,stats,have,been,raised.,—
621,Purify,POISON,Status,—,—,20,The,user,heals,the,target's,status,condition.,If,the,move,"succeeds,",it,also,restores,the,user's,own,HP.,—
622,Pursuit,DARK,Physical,40,100,20,Double,power,if,the,opponent,is,switching,out.,—
623,Pyro,Ball,FIRE,Physical,120,90,5,May,burn,opponent.,10
624,Quash,DARK,Status,—,100,15,Makes,the,target,act,last,this,turn.,—
625,Quick,Attack,NORMAL,Physical,40,100,30,User,attacks,first.,—
626,Quick,Guard,FIGHTING,Status,—,—,15,Protects,the,user's,team,from,high-priority,moves.,—
627,Quiver,Dance,BUG,Status,—,—,20,Raises,user's,Special,"Attack,",Special,Defense,and,Speed.,—
628,Rage,NORMAL,Physical,20,100,20,Raises,user's,Attack,when,hit.,—
629,Rage,Fist,GHOST,Physical,50,100,10,The,more,times,the,user,has,been,hit,by,"attacks,",the,greater,the,move's,power.,—
630,Rage,Powder,BUG,Status,—,—,20,Forces,attacks,to,hit,"user,",not,team-mates.,—
631,Raging,Bull,NORMAL,Physical,90,100,10,Type,depends,on,the,user’s,form.,Breaks,through,Reflect,and,Light,Screen,barriers.,—
632,Raging,Fury,FIRE,Physical,120,100,10,User,keeps,repeating,the,same,move,over,and,over.,—
633,Rain,Dance,WATER,Status,—,—,5,Makes,it,rain,for,5,turns.,—
634,Rapid,Spin,NORMAL,Physical,50,100,40,Raises,user's,Speed,and,removes,entry,hazards,and,trap,move,effects.,100
635,Razor,Leaf,GRASS,Physical,55,95,25,High,critical,hit,ratio.,—
636,Razor,Shell,WATER,Physical,75,95,10,May,lower,opponent's,Defense.,50
637,Razor,Wind,NORMAL,Special,80,100,10,Charges,on,first,"turn,",attacks,on,second.,High,critical,hit,ratio.,—
638,Recover,NORMAL,Status,—,—,5,User,recovers,half,its,max,HP.,—
639,Recycle,NORMAL,Status,—,—,10,User's,used,hold,item,is,restored.,—
640,Reflect,PSYCHIC,Status,—,—,20,Halves,damage,from,Physical,attacks,for,5,turns.,—
641,Reflect,Type,NORMAL,Status,—,—,15,User,becomes,the,target's,type.,—
642,Refresh,NORMAL,Status,—,—,20,Cures,"paralysis,","poison,",and,burns.,—
643,Relic,Song,NORMAL,Special,75,100,10,May,put,the,target,to,sleep.,10
644,Rest,PSYCHIC,Status,—,—,5,User,sleeps,for,2,"turns,",but,user,is,fully,healed.,—
645,Retaliate,NORMAL,Physical,70,100,5,Inflicts,double,damage,if,a,teammate,fainted,on,the,last,turn.,—
646,Return,NORMAL,Physical,—,100,20,Power,increases,with,higher,Friendship.,—
647,Revelation,Dance,NORMAL,Special,90,100,15,Type,changes,based,on,Oricorio's,form.,—
648,Revenge,FIGHTING,Physical,60,100,10,Power,increases,if,user,was,hit,first.,—
649,Reversal,FIGHTING,Physical,—,100,15,The,lower,the,user's,"HP,",the,higher,the,power.,—
650,Revival,Blessing,NORMAL,Status,—,—,1,Revives,a,fainted,party,Pokémon,to,half,HP.,—
651,Rising,Voltage,ELECTRIC,Special,70,100,20,Power,doubles,on,Electric,Terrain.,—
652,Roar,NORMAL,Status,—,—,20,In,"battles,",the,opponent,switches.,In,the,"wild,",the,Pokémon,runs.,—
653,Roar,of,Time,DRAGON,Special,150,90,5,User,must,recharge,next,turn.,—
654,Rock,Blast,ROCK,Physical,25,90,10,Hits,2-5,times,in,one,turn.,—
655,Rock,Climb,NORMAL,Physical,90,85,20,May,confuse,opponent.,20
656,Rock,Polish,ROCK,Status,—,—,20,Sharply,raises,user's,Speed.,—
657,Rock,Slide,ROCK,Physical,75,90,10,May,cause,flinching.,30
658,Rock,Smash,FIGHTING,Physical,40,100,15,May,lower,opponent's,Defense.,50
659,Rock,Throw,ROCK,Physical,50,90,15,—
660,Rock,Tomb,ROCK,Physical,60,95,15,Lowers,opponent's,Speed.,100
661,Rock,Wrecker,ROCK,Physical,150,90,5,User,must,recharge,next,turn.,—
662,Role,Play,PSYCHIC,Status,—,—,10,User,copies,the,opponent's,Ability.,—
663,Rolling,Kick,FIGHTING,Physical,60,85,15,May,cause,flinching.,30
664,Rollout,ROCK,Physical,30,90,20,Doubles,in,power,each,turn,for,5,turns.,—
665,Roost,FLYING,Status,—,—,5,User,recovers,half,of,its,max,HP,and,loses,the,Flying,type,temporarily.,—
666,Rototiller,GROUND,Status,—,—,10,Raises,Attack,and,Special,Attack,of,Grass-types.,100
667,Round,NORMAL,Special,60,100,15,Power,increases,if,teammates,use,it,in,the,same,turn.,—
668,Ruination,DARK,Special,1,90,10,Halves,the,opponent's,HP.,—
669,Sacred,Fire,FIRE,Physical,100,95,5,May,burn,opponent.,50
670,Sacred,Sword,FIGHTING,Physical,90,100,15,Ignores,opponent's,stat,changes.,—
671,Safeguard,NORMAL,Status,—,—,25,The,user's,party,is,protected,from,status,conditions.,—
672,Salt,Cure,ROCK,Physical,40,100,15,Deals,damage,each,turn;,Steel,and,Water,types,are,more,affected.,—
673,Sand,Attack,GROUND,Status,—,100,15,Lowers,opponent's,Accuracy.,—
674,Sand,Tomb,GROUND,Physical,35,85,15,Traps,"opponent,",damaging,them,for,4-5,turns.,100
675,Sandsear,Storm,GROUND,Special,100,80,10,May,burn,target.,—
676,Sandstorm,ROCK,Status,—,—,10,Creates,a,sandstorm,for,5,turns.,—
677,Sappy,Seed,GRASS,Physical,90,100,15,Drains,HP,from,opponent,each,turn.,100
678,Savage,Spin-Out,BUG,—,—,—,1,Bug,type,Z-Move.,—
679,Scald,WATER,Special,80,100,15,May,burn,opponent.,30
680,Scale,Shot,DRAGON,Physical,25,90,20,Hits,2-5,times,in,one,turn.,Boosts,user's,Speed,but,lowers,its,Defense.,—
681,Scary,Face,NORMAL,Status,—,100,10,Sharply,lowers,opponent's,Speed.,—
682,Scorching,Sands,GROUND,Special,70,100,10,May,burn,the,target.,—
683,Scratch,NORMAL,Physical,40,100,35,—
684,Screech,NORMAL,Status,—,85,40,Sharply,lowers,opponent's,Defense.,—
685,Searing,Shot,FIRE,Special,100,100,5,May,burn,opponent.,30
686,Searing,Sunraze,Smash,STEEL,Physical,200,—,1,Solgaleo-exclusive,Z-Move.,—
687,Secret,Power,NORMAL,Physical,70,100,20,Effects,of,the,attack,vary,with,the,location.,30
688,Secret,Sword,FIGHTING,Special,85,100,10,Inflicts,damage,based,on,the,target's,"Defense,",not,Special,Defense.,—
689,Seed,Bomb,GRASS,Physical,80,100,15,—
690,Seed,Flare,GRASS,Special,120,85,5,May,lower,opponent's,Special,Defense.,40
691,Seismic,Toss,FIGHTING,Physical,—,100,20,Inflicts,damage,equal,to,user's,level.,—
692,Self-Destruct,NORMAL,Physical,200,100,5,User,faints.,—
693,Shadow,Ball,GHOST,Special,80,100,15,May,lower,opponent's,Special,Defense.,20
694,Shadow,Bone,GHOST,Physical,85,100,10,May,lower,opponent's,Defense.,20
695,Shadow,Claw,GHOST,Physical,70,100,15,High,critical,hit,ratio.,—
696,Shadow,Force,GHOST,Physical,120,100,5,Disappears,on,first,"turn,",attacks,on,second.,Can,strike,through,Protect/Detect.,—
697,Shadow,Punch,GHOST,Physical,60,∞,20,Ignores,Accuracy,and,Evasiveness.,—
698,Shadow,Sneak,GHOST,Physical,40,100,30,User,attacks,first.,—
699,Sharpen,NORMAL,Status,—,—,30,Raises,user's,Attack.,—
700,Shattered,Psyche,PSYCHIC,—,—,—,1,Psychic,type,Z-Move.,—
701,Shed,Tail,NORMAL,Status,—,—,10,Creates,a,"substitute,",then,swaps,places,with,a,party,Pokémon,in,waiting.,—
702,Sheer,Cold,ICE,Special,—,30,5,"One-Hit-KO,",if,it,hits.,—
703,Shell,Side,Arm,POISON,Special,90,100,10,May,poison,opponent.,Inflicts,either,Special,or,Physical,"damage,",whichever,is,better.,—
704,Shell,Smash,NORMAL,Status,—,—,15,Sharply,raises,user's,"Attack,",Special,Attack,and,Speed,but,lowers,Defense,and,Special,Defense.,—
705,Shell,Trap,FIRE,Special,150,100,5,Deals,more,damage,to,opponent,if,hit,by,a,Physical,move.,—
706,Shelter,STEEL,Status,—,—,10,Raises,Defense,and,Evasion.,—
707,Shift,Gear,STEEL,Status,—,—,10,Raises,user's,Attack,and,sharply,raises,Speed.,—
708,Shock,Wave,ELECTRIC,Special,60,∞,20,Ignores,Accuracy,and,Evasiveness.,—
709,Shore,Up,GROUND,Status,—,—,5,The,user,regains,up,to,half,of,its,max,HP.,It,restores,more,HP,in,a,sandstorm.,—
710,Signal,Beam,BUG,Special,75,100,15,May,confuse,opponent.,10
711,Silk,Trap,BUG,Status,—,—,10,Protects,the,user,and,lowers,opponent's,Speed,on,contact.,—
712,Silver,Wind,BUG,Special,60,100,5,May,raise,all,stats,of,user,at,once.,10
713,Simple,Beam,NORMAL,Status,—,100,15,Changes,target's,ability,to,Simple.,—
714,Sing,NORMAL,Status,—,55,15,Puts,opponent,to,sleep.,—
715,Sinister,Arrow,Raid,GHOST,Physical,180,—,1,Decidueye-exclusive,Z-Move.,—
716,Sizzly,Slide,FIRE,Physical,90,100,15,Burns,the,opponent.,100
717,Sketch,NORMAL,Status,—,—,1,Permanently,copies,the,opponent's,last,move.,—
718,Skill,Swap,PSYCHIC,Status,—,—,10,The,user,swaps,Abilities,with,the,opponent.,—
719,Skitter,Smack,BUG,Physical,70,90,10,Lowers,opponent's,Sp.,Attack.,—
720,Skull,Bash,NORMAL,Physical,130,100,10,Raises,Defense,on,first,"turn,",attacks,on,second.,100
721,Sky,Attack,FLYING,Physical,140,90,5,Charges,on,first,"turn,",attacks,on,second.,May,cause,flinching.,High,critical,hit,ratio.,30
722,Sky,Drop,FLYING,Physical,60,100,10,Takes,opponent,into,the,air,on,first,"turn,",drops,them,on,second,turn.,—
723,Sky,Uppercut,FIGHTING,Physical,85,90,15,Hits,the,"opponent,",even,during,Fly.,—
724,Slack,Off,NORMAL,Status,—,—,5,User,recovers,half,its,max,HP.,—
725,Slam,NORMAL,Physical,80,75,20,—
726,Slash,NORMAL,Physical,70,100,20,High,critical,hit,ratio.,—
727,Sleep,Powder,GRASS,Status,—,75,15,Puts,opponent,to,sleep.,—
728,Sleep,Talk,NORMAL,Status,—,—,10,User,performs,one,of,its,own,moves,while,sleeping.,—
729,Sludge,POISON,Special,65,100,20,May,poison,opponent.,30
730,Sludge,Bomb,POISON,Special,90,100,10,May,poison,opponent.,30
731,Sludge,Wave,POISON,Special,95,100,10,May,poison,opponent.,10
732,Smack,Down,ROCK,Physical,50,100,15,Makes,Flying-type,Pokémon,vulnerable,to,Ground,moves.,100
733,Smart,Strike,STEEL,Physical,70,—,10,The,user,stabs,the,target,with,a,sharp,horn.,This,attack,never,misses.,—
734,Smelling,Salts,NORMAL,Physical,70,100,10,Power,doubles,if,opponent,is,"paralyzed,",but,cures,it.,—
735,Smog,POISON,Special,30,70,20,May,poison,opponent.,40
736,Smokescreen,NORMAL,Status,—,100,20,Lowers,opponent's,Accuracy.,—
737,Snap,Trap,GRASS,Physical,35,100,15,Traps,"opponent,",damaging,them,for,4-5,turns.,100
738,Snarl,DARK,Special,55,95,15,Lowers,opponent's,Special,Attack.,100
739,Snatch,DARK,Status,—,—,10,Steals,the,effects,of,the,opponent's,next,move.,—
740,Snipe,Shot,WATER,Special,80,100,15,Ignores,moves,and,abilities,that,draw,in,moves.,High,critical,hit,ratio.,—
741,Snore,NORMAL,Special,50,100,15,Can,only,be,used,if,asleep.,May,cause,flinching.,30
742,Snowscape,ICE,Status,—,—,10,Raises,Defense,of,Ice,types,for,5,turns.,—
743,Soak,WATER,Status,—,100,20,Changes,the,target's,type,to,water.,—
744,Soft-Boiled,NORMAL,Status,—,—,5,User,recovers,half,its,max,HP.,—
745,Solar,Beam,GRASS,Special,120,100,10,Charges,on,first,"turn,",attacks,on,second.,—
746,Solar,Blade,GRASS,Physical,125,100,10,Charges,on,first,"turn,",attacks,on,second.,—
747,Sonic,Boom,NORMAL,Special,—,90,20,Always,inflicts,20,HP.,—
748,Soul-Stealing,7-Star,Strike,GHOST,Physical,195,—,1,Marshadow-exclusive,Z-Move.,—
749,Spacial,Rend,DRAGON,Special,100,95,5,High,critical,hit,ratio.,—
750,Spark,ELECTRIC,Physical,65,100,20,May,paralyze,opponent.,30
751,Sparkling,Aria,WATER,Special,90,100,10,Heals,the,burns,of,its,target.,—
752,Sparkly,Swirl,FAIRY,Special,90,100,15,Cures,all,status,problems,in,the,party,Pokémon.,—
753,Spectral,Thief,GHOST,Physical,90,100,10,The,user,hides,in,the,target's,"shadow,",steals,the,target's,stat,"boosts,",and,then,attacks.,—
754,Speed,Swap,PSYCHIC,Status,—,—,10,The,user,exchanges,Speed,stats,with,the,target.,—
755,Spicy,Extract,GRASS,Status,—,∞,15,Harshly,lowers,the,opponent's,Defense,and,sharply,raises,their,Attack.,—
756,Spider,Web,BUG,Status,—,—,10,Opponent,cannot,escape/switch.,—
757,Spike,Cannon,NORMAL,Physical,20,100,15,Hits,2-5,times,in,one,turn.,—
758,Spikes,GROUND,Status,—,—,20,Hurts,opponents,when,they,switch,into,battle.,—
759,Spiky,Shield,GRASS,Status,—,—,10,Protects,the,user,and,inflicts,damage,on,contact.,—
760,Spin,Out,STEEL,Physical,100,100,5,Harshly,lowers,user’s,Speed.,—
761,Spirit,Break,FAIRY,Physical,75,100,15,Lowers,opponent's,Special,Attack.,100
762,Spirit,Shackle,GHOST,Physical,80,100,10,Prevents,the,opponent,from,switching,out.,—
763,Spit,Up,NORMAL,Special,—,100,10,Power,depends,on,how,many,times,the,user,performed,Stockpile.,—
764,Spite,GHOST,Status,—,100,10,The,opponent's,last,move,loses,2-5,PP.,—
765,Splash,NORMAL,Status,—,—,40,Doesn't,do,ANYTHING.,—
766,Splintered,Stormshards,ROCK,Physical,190,—,1,Lycanroc-exclusive,Z-Move.,—
767,Splishy,Splash,WATER,Special,90,100,15,May,paralyze,opponent.,30
768,Spore,GRASS,Status,—,100,15,Puts,opponent,to,sleep.,—
769,Spotlight,NORMAL,Status,—,—,15,The,user,shines,a,spotlight,on,the,target,so,that,only,the,target,will,be,attacked,during,the,turn.,—
770,Springtide,Storm,FAIRY,Special,100,80,5,Boosts,user's,stats,in,Incarnate,"Forme,",or,lowers,opponent's,stats,in,Therian,Forme.,—
771,Stealth,Rock,ROCK,Status,—,—,20,Damages,opponent,switching,into,battle.,—
772,Steam,Eruption,WATER,Special,110,95,5,May,burn,opponent.,30
773,Steamroller,BUG,Physical,65,100,20,May,cause,flinching.,30
774,Steel,Beam,STEEL,Special,140,95,5,User,loses,50%,of,its,HP.,—
775,Steel,Roller,STEEL,Physical,130,100,5,Fails,if,no,Terrain,in,effect.,—
776,Steel,Wing,STEEL,Physical,70,90,25,May,raise,user's,Defense.,10
777,Sticky,Web,BUG,Status,—,—,20,Lowers,opponent's,Speed,when,switching,into,battle.,—
778,Stockpile,NORMAL,Status,—,—,20,Stores,energy,for,use,with,Spit,Up,and,Swallow.,—
779,Stoked,Sparksurfer,ELECTRIC,Special,175,—,1,Alolan,Raichu-exclusive,Electric,type,Z-Move.,100
780,Stomp,NORMAL,Physical,65,100,20,May,cause,flinching.,30
781,Stomping,Tantrum,GROUND,Physical,75,100,10,Driven,by,"frustration,",the,user,attacks,the,target.,If,the,user's,previous,move,has,"failed,",the,power,of,this,move,doubles.,—
782,Stone,Axe,ROCK,Physical,65,90,15,High,critical,hit,ratio.,Damages,target,with,splinters,each,turn.,—
783,Stone,Edge,ROCK,Physical,100,80,5,High,critical,hit,ratio.,—
784,Stored,Power,PSYCHIC,Special,20,100,10,Power,increases,when,user's,stats,have,been,raised.,—
785,Storm,Throw,FIGHTING,Physical,60,100,10,Always,results,in,a,critical,hit.,100
786,Strange,Steam,FAIRY,Special,90,95,10,May,confuse,opponent.,20
787,Strength,NORMAL,Physical,80,100,15,—
788,Strength,Sap,GRASS,Status,—,100,10,The,user,restores,its,HP,by,the,same,amount,as,the,target's,Attack,stat.,It,also,lowers,the,target's,Attack,stat.,100
789,String,Shot,BUG,Status,—,95,40,Sharply,lowers,opponent's,Speed.,—
790,Struggle,NORMAL,Physical,50,—,—,Only,usable,when,all,PP,are,gone.,Hurts,the,user.,—
791,Struggle,Bug,BUG,Special,50,100,20,Lowers,opponent's,Special,Attack.,100
792,Stuff,Cheeks,NORMAL,Status,—,—,10,The,user,eats,its,held,"Berry,",then,sharply,raises,its,Defense,stat.,100
793,Stun,Spore,GRASS,Status,—,75,30,Paralyzes,opponent.,—
794,Submission,FIGHTING,Physical,80,80,20,User,receives,recoil,damage.,—
795,Substitute,NORMAL,Status,—,—,10,Uses,HP,to,creates,a,decoy,that,takes,hits.,—
796,Subzero,Slammer,ICE,—,—,—,1,Ice,type,Z-Move.,—
797,Sucker,Punch,DARK,Physical,70,100,5,User,attacks,"first,",but,only,works,if,opponent,is,readying,an,attack.,—
798,Sunny,Day,FIRE,Status,—,—,5,Makes,it,sunny,for,5,turns.,—
799,Sunsteel,Strike,STEEL,Physical,100,100,5,Ignores,the,target's,ability.,—
800,Super,Fang,NORMAL,Physical,—,90,10,Always,takes,off,half,of,the,opponent's,HP.,—
801,Superpower,FIGHTING,Physical,120,100,5,Lowers,user's,Attack,and,Defense.,100
802,Supersonic,NORMAL,Status,—,55,20,Confuses,opponent.,—
803,Supersonic,Skystrike,FLYING,—,—,—,1,Flying,type,Z-Move.,—
804,Surf,WATER,Special,90,100,15,Hits,all,adjacent,Pokémon.,—
805,Surging,Strikes,WATER,Physical,25,100,5,Always,results,in,a,critical,hit,and,ignores,stat,changes.,—
806,Swagger,NORMAL,Status,—,85,15,Confuses,"opponent,",but,sharply,raises,its,Attack.,—
807,Swallow,NORMAL,Status,—,—,10,The,more,times,the,user,has,performed,"Stockpile,",the,more,HP,is,recovered.,—
808,Sweet,Kiss,FAIRY,Status,—,75,10,Confuses,opponent.,—
809,Sweet,Scent,NORMAL,Status,—,100,20,Lowers,opponent's,Evasiveness.,—
810,Swift,NORMAL,Special,60,∞,20,Ignores,Accuracy,and,Evasiveness.,—
811,Switcheroo,DARK,Status,—,100,10,Swaps,held,items,with,the,opponent.,—
812,Swords,Dance,NORMAL,Status,—,—,20,Sharply,raises,user's,Attack.,—
813,Synchronoise,PSYCHIC,Special,120,100,10,Hits,any,Pokémon,that,shares,a,type,with,the,user.,—
814,Synthesis,GRASS,Status,—,—,5,User,recovers,HP.,Amount,varies,with,the,weather.,—
815,Tackle,NORMAL,Physical,40,100,35,—
816,Tail,Glow,BUG,Status,—,—,20,Drastically,raises,user's,Special,Attack.,—
817,Tail,Slap,NORMAL,Physical,25,85,10,Hits,2-5,times,in,one,turn.,—
818,Tail,Whip,NORMAL,Status,—,100,30,Lowers,opponent's,Defense.,—
819,Tailwind,FLYING,Status,—,—,15,Doubles,Speed,for,4,turns.,—
820,Take,Down,NORMAL,Physical,90,85,20,User,receives,recoil,damage.,—
821,Take,Heart,PSYCHIC,Status,—,—,10,Heals,user's,status,conditions,and,raises,its,stats.,—
822,Tar,Shot,ROCK,Status,—,100,15,Lowers,the,opponent's,Speed,and,makes,them,weaker,to,Fire-type,moves.,100
823,Taunt,DARK,Status,—,100,20,Opponent,can,only,use,moves,that,attack.,—
824,Tearful,Look,NORMAL,Status,—,—,20,The,user,gets,teary,eyed,to,make,the,target,lose,its,combative,spirit.,This,lowers,the,target's,Attack,and,Sp.,Atk,stats.,100
825,Teatime,NORMAL,Status,—,—,10,Forces,all,Pokémon,on,the,field,to,eat,their,berries.,—
826,Techno,Blast,NORMAL,Special,120,100,5,Type,depends,on,the,Drive,being,held.,—
827,Tectonic,Rage,GROUND,—,—,—,1,Ground,type,Z-Move.,—
828,Teeter,Dance,NORMAL,Status,—,100,20,Confuses,all,Pokémon.,—
829,Telekinesis,PSYCHIC,Status,—,—,15,Ignores,opponent's,Evasiveness,for,three,"turns,",add,Ground,immunity.,—
830,Teleport,PSYCHIC,Status,—,—,20,Allows,user,to,flee,wild,battles;,also,warps,player,to,last,PokéCenter.,—
831,Tera,Blast,NORMAL,Special,80,100,10,Changes,type,when,the,user,has,Terastallized.,—
832,Terrain,Pulse,NORMAL,Special,50,100,10,Type,and,power,change,depending,on,the,Terrain,in,effect.,—
833,Thief,DARK,Physical,60,100,25,Also,steals,opponent's,held,item.,—
834,Thousand,Arrows,GROUND,Physical,90,100,10,Makes,Flying-type,Pokémon,vulnerable,to,Ground,moves.,—
835,Thousand,Waves,GROUND,Physical,90,100,10,Opponent,cannot,flee,or,switch.,—
836,Thrash,NORMAL,Physical,120,100,10,User,attacks,for,2-3,turns,but,then,becomes,confused.,—
837,Throat,Chop,DARK,Physical,80,100,15,Prevents,use,of,sound,moves,for,two,turns.,100
838,Thunder,ELECTRIC,Special,110,70,10,May,paralyze,opponent.,30
839,Thunder,Cage,ELECTRIC,Special,80,90,15,Deals,damage,and,traps,"opponent,",damaging,them,for,4-5,turns.,—
840,Thunder,Fang,ELECTRIC,Physical,65,95,15,May,cause,flinching,and/or,paralyze,opponent.,10
841,Thunder,Punch,ELECTRIC,Physical,75,100,15,May,paralyze,opponent.,10
842,Thunder,Shock,ELECTRIC,Special,40,100,30,May,paralyze,opponent.,10
843,Thunder,Wave,ELECTRIC,Status,—,90,20,Paralyzes,opponent.,—
844,Thunderbolt,ELECTRIC,Special,90,100,15,May,paralyze,opponent.,10
845,Thunderous,Kick,FIGHTING,Physical,90,100,10,Lowers,opponent's,Defense.,100
846,Tickle,NORMAL,Status,—,100,20,Lowers,opponent's,Attack,and,Defense.,—
847,Tidy,Up,NORMAL,Status,—,—,10,Removes,the,effects,of,entry,hazards,and,"Substitute,",and,boosts,user’s,Attack,and,Speed.,—
848,Topsy-Turvy,DARK,Status,—,—,20,Reverses,stat,changes,of,opponent.,—
849,Torch,Song,FIRE,Special,80,100,10,Raises,user's,Special,Attack.,—
850,Torment,DARK,Status,—,100,15,Opponent,cannot,use,the,same,move,in,a,row.,—
851,Toxic,POISON,Status,—,90,10,Badly,poisons,opponent.,—
852,Toxic,Spikes,POISON,Status,—,—,20,Poisons,opponents,when,they,switch,into,battle.,—
853,Toxic,Thread,POISON,Status,—,100,20,Poisons,opponent,and,lowers,its,Speed.,100
854,Trailblaze,GRASS,Physical,50,100,20,Raises,user's,Speed.,—
855,Transform,NORMAL,Status,—,—,10,User,takes,on,the,form,and,attacks,of,the,opponent.,—
856,Tri,Attack,NORMAL,Special,80,100,10,May,"paralyze,",burn,or,freeze,opponent.,20
857,Trick,PSYCHIC,Status,—,100,10,Swaps,held,items,with,the,opponent.,—
858,Trick,Room,PSYCHIC,Status,—,—,5,Slower,Pokémon,move,first,in,the,turn,for,5,turns.,—
859,Trick-or-Treat,GHOST,Status,—,100,20,Adds,Ghost,type,to,opponent.,—
860,Triple,Arrows,FIGHTING,Physical,90,100,10,Raises,critical,hit,ratio,and,lowers,target's,Defense.,—
861,Triple,Axel,ICE,Physical,20,90,10,Attacks,thrice,with,more,power,each,time.,—
862,Triple,Dive,WATER,Physical,30,95,10,Hits,3,times,in,a,row.,—
863,Triple,Kick,FIGHTING,Physical,10,90,10,Hits,thrice,in,one,turn,at,increasing,power.,—
864,Trop,Kick,GRASS,Physical,70,100,15,Lowers,opponent's,Attack.,100
865,Trump,Card,NORMAL,Special,—,∞,5,The,lower,the,"PP,",the,higher,the,power.,—
866,Twin,Beam,PSYCHIC,Special,40,100,10,Hits,twice,in,one,turn.,—
867,Twineedle,BUG,Physical,25,100,20,Hits,twice,in,one,turn.,May,poison,opponent.,20
868,Twinkle,Tackle,FAIRY,—,—,—,1,Fairy,type,Z-Move.,—
869,Twister,DRAGON,Special,40,100,20,May,cause,flinching.,Hits,Pokémon,using,Fly/Bounce,with,double,power.,20
870,U-turn,BUG,Physical,70,100,20,User,switches,out,immediately,after,attacking.,—
871,Uproar,NORMAL,Special,90,100,10,User,attacks,for,3,turns,and,prevents,sleep.,—
872,V-create,FIRE,Physical,180,95,5,Lowers,user's,"Defense,",Special,Defense,and,Speed.,100
873,Vacuum,Wave,FIGHTING,Special,40,100,30,User,attacks,first.,—
874,Veevee,Volley,NORMAL,Physical,—,∞,20,Power,increases,when,player's,bond,is,stronger.,—
875,Venom,Drench,POISON,Status,—,100,20,Lowers,poisoned,opponent's,Special,Attack,and,Speed.,100
876,Venoshock,POISON,Special,65,100,10,Inflicts,double,damage,if,the,target,is,poisoned.,—
877,Victory,Dance,FIGHTING,Status,—,—,10,Raises,Attack,and,Defense.,—
878,Vine,Whip,GRASS,Physical,45,100,25,—
879,Vise,Grip,NORMAL,Physical,55,100,30,—
880,Vital,Throw,FIGHTING,Physical,70,∞,10,User,attacks,"last,",but,ignores,Accuracy,and,Evasiveness.,—
881,Volt,Switch,ELECTRIC,Special,70,100,20,User,must,switch,out,after,attacking.,—
882,Volt,Tackle,ELECTRIC,Physical,120,100,15,User,receives,recoil,damage.,May,paralyze,opponent.,10
883,Wake-Up,Slap,FIGHTING,Physical,70,100,10,Power,doubles,if,opponent,is,"asleep,",but,wakes,it,up.,—
884,Water,Gun,WATER,Special,40,100,25,—
885,Water,Pledge,WATER,Special,80,100,10,Added,effects,appear,if,preceded,by,Fire,Pledge,or,succeeded,by,Grass,Pledge.,—
886,Water,Pulse,WATER,Special,60,100,20,May,confuse,opponent.,20
887,Water,Shuriken,WATER,Special,15,100,20,Hits,2-5,times,in,one,turn.,—
888,Water,Sport,WATER,Status,—,—,15,Weakens,the,power,of,Fire-type,moves.,—
889,Water,Spout,WATER,Special,150,100,5,The,higher,the,user's,"HP,",the,higher,the,damage,caused.,—
890,Waterfall,WATER,Physical,80,100,15,May,cause,flinching.,20
891,Wave,Crash,WATER,Physical,120,100,10,User,receives,recoil,damage.,—
892,Weather,Ball,NORMAL,Special,50,100,10,Move's,power,and,type,changes,with,the,weather.,—
893,Whirlpool,WATER,Special,35,85,15,Traps,"opponent,",damaging,them,for,4-5,turns.,100
894,Whirlwind,NORMAL,Status,—,—,20,In,"battles,",the,opponent,switches.,In,the,"wild,",the,Pokémon,runs.,—
895,Wicked,Blow,DARK,Physical,75,100,5,Always,results,in,a,critical,hit,and,ignores,stat,changes.,—
896,Wicked,Torque,DARK,Physical,80,100,10,—
897,Wide,Guard,ROCK,Status,—,—,10,Protects,the,user's,team,from,multi-target,attacks.,—
898,Wild,Charge,ELECTRIC,Physical,90,100,15,User,receives,recoil,damage.,—
899,Wildbolt,Storm,ELECTRIC,Special,100,80,10,May,paralyze,target.,—
900,Will-O-Wisp,FIRE,Status,—,85,15,Burns,opponent.,—
901,Wing,Attack,FLYING,Physical,60,100,35,—
902,Wish,NORMAL,Status,—,—,10,The,user,recovers,HP,in,the,following,turn.,—
903,Withdraw,WATER,Status,—,—,40,Raises,user's,Defense.,—
904,Wonder,Room,PSYCHIC,Status,—,—,10,Swaps,every,Pokémon's,Defense,and,Special,Defense,for,5,turns.,—
905,Wood,Hammer,GRASS,Physical,120,100,15,User,receives,recoil,damage.,—
906,Work,Up,NORMAL,Status,—,—,30,Raises,user's,Attack,and,Special,Attack.,—
907,Worry,Seed,GRASS,Status,—,100,10,Changes,the,opponent's,Ability,to,Insomnia.,—
908,Wrap,NORMAL,Physical,15,90,20,Traps,"opponent,",damaging,them,for,4-5,turns.,100
909,Wring,Out,NORMAL,Special,—,100,5,The,higher,the,opponent's,"HP,",the,higher,the,damage.,—
910,X-Scissor,BUG,Physical,80,100,15,—
911,Yawn,NORMAL,Status,—,—,10,Puts,opponent,to,sleep,in,the,next,turn.,—
912,Zap,Cannon,ELECTRIC,Special,120,50,5,Paralyzes,opponent.,100
913,Zen,Headbutt,PSYCHIC,Physical,80,90,15,May,cause,flinching.,20
914,Zing,Zap,ELECTRIC,Physical,80,100,10,May,cause,flinching.,30
915,Zippy,Zap,ELECTRIC,Physical,50,100,15,Always,results,in,a,critical,hit.,100
