ID,Name,Ability 1,Ability 2,Hidden Ability
1,bulbasaur,overgrow,,chlorophyll
2,ivysaur,overgrow,,chlorophyll
3,venusaur,overgrow,,chlorophyll
4,charmander,blaze,,solar-power
5,charmeleon,blaze,,solar-power
6,charizard,blaze,,solar-power
7,squirtle,torrent,,rain-dish
8,wartortle,torrent,,rain-dish
9,blastoise,torrent,,rain-dish
10,caterpie,shield-dust,,run-away
11,metapod,shed-skin,,
12,butterfree,compound-eyes,,tinted-lens
13,weedle,shield-dust,,run-away
14,kakuna,shed-skin,,
15,beedrill,swarm,,sniper
16,pidgey,keen-eye,tangled-feet,big-pecks
17,pidgeotto,keen-eye,tangled-feet,big-pecks
18,pidgeot,keen-eye,tangled-feet,big-pecks
19,rattata,run-away,guts,hustle
20,raticate,run-away,guts,hustle
21,spearow,keen-eye,,sniper
22,fearow,keen-eye,,sniper
23,ekans,intimidate,shed-skin,unnerve
24,arbok,intimidate,shed-skin,unnerve
25,pikachu,static,,lightning-rod
26,raichu,static,,lightning-rod
27,sandshrew,sand-veil,,sand-rush
28,sandslash,sand-veil,,sand-rush
29,nidoran-f,poison-point,rivalry,hustle
30,nidorina,poison-point,rivalry,hustle
31,nidoqueen,poison-point,rivalry,sheer-force
32,nidoran-m,poison-point,rivalry,hustle
33,nidorino,poison-point,rivalry,hustle
34,nidoking,poison-point,rivalry,sheer-force
35,clefairy,cute-charm,magic-guard,friend-guard
36,clefable,cute-charm,magic-guard,unaware
37,vulpix,flash-fire,,drought
38,ninetales,flash-fire,,drought
39,jigglypuff,cute-charm,competitive,friend-guard
40,wigglytuff,cute-charm,competitive,frisk
41,zubat,inner-focus,,infiltrator
42,golbat,inner-focus,,infiltrator
43,oddish,chlorophyll,,run-away
44,gloom,chlorophyll,,stench
45,vileplume,chlorophyll,,effect-spore
46,paras,effect-spore,dry-skin,damp
47,parasect,effect-spore,dry-skin,damp
48,venonat,compound-eyes,tinted-lens,run-away
49,venomoth,shield-dust,tinted-lens,wonder-skin
50,diglett,sand-veil,arena-trap,sand-force
51,dugtrio,sand-veil,arena-trap,sand-force
52,meowth,pickup,technician,unnerve
53,persian,limber,technician,unnerve
54,psyduck,damp,cloud-nine,swift-swim
55,golduck,damp,cloud-nine,swift-swim
56,mankey,vital-spirit,anger-point,defiant
57,primeape,vital-spirit,anger-point,defiant
58,growlithe,intimidate,flash-fire,justified
59,arcanine,intimidate,flash-fire,justified
60,poliwag,water-absorb,damp,swift-swim
61,poliwhirl,water-absorb,damp,swift-swim
62,poliwrath,water-absorb,damp,swift-swim
63,abra,synchronize,inner-focus,magic-guard
64,kadabra,synchronize,inner-focus,magic-guard
65,alakazam,synchronize,inner-focus,magic-guard
66,machop,guts,no-guard,steadfast
67,machoke,guts,no-guard,steadfast
68,machamp,guts,no-guard,steadfast
69,bellsprout,chlorophyll,,gluttony
70,weepinbell,chlorophyll,,gluttony
71,victreebel,chlorophyll,,gluttony
72,tentacool,clear-body,liquid-ooze,rain-dish
73,tentacruel,clear-body,liquid-ooze,rain-dish
74,geodude,rock-head,sturdy,sand-veil
75,graveler,rock-head,sturdy,sand-veil
76,golem,rock-head,sturdy,sand-veil
77,ponyta,run-away,flash-fire,flame-body
78,rapidash,run-away,flash-fire,flame-body
79,slowpoke,oblivious,own-tempo,regenerator
80,slowbro,oblivious,own-tempo,regenerator
81,magnemite,magnet-pull,sturdy,analytic
82,magneton,magnet-pull,sturdy,analytic
83,farfetchd,keen-eye,inner-focus,defiant
84,doduo,run-away,early-bird,tangled-feet
85,dodrio,run-away,early-bird,tangled-feet
86,seel,thick-fat,hydration,ice-body
87,dewgong,thick-fat,hydration,ice-body
88,grimer,stench,sticky-hold,poison-touch
89,muk,stench,sticky-hold,poison-touch
90,shellder,shell-armor,skill-link,overcoat
91,cloyster,shell-armor,skill-link,overcoat
92,gastly,levitate,,
93,haunter,levitate,,
94,gengar,cursed-body,,
95,onix,rock-head,sturdy,weak-armor
96,drowzee,insomnia,forewarn,inner-focus
97,hypno,insomnia,forewarn,inner-focus
98,krabby,hyper-cutter,shell-armor,sheer-force
99,kingler,hyper-cutter,shell-armor,sheer-force
100,voltorb,soundproof,static,aftermath
101,electrode,soundproof,static,aftermath
102,exeggcute,chlorophyll,,harvest
103,exeggutor,chlorophyll,,harvest
104,cubone,rock-head,lightning-rod,battle-armor
105,marowak,rock-head,lightning-rod,battle-armor
106,hitmonlee,limber,reckless,unburden
107,hitmonchan,keen-eye,iron-fist,inner-focus
108,lickitung,own-tempo,oblivious,cloud-nine
109,koffing,levitate,neutralizing-gas,stench
110,weezing,levitate,neutralizing-gas,stench
111,rhyhorn,lightning-rod,rock-head,reckless
112,rhydon,lightning-rod,rock-head,reckless
113,chansey,natural-cure,serene-grace,healer
114,tangela,chlorophyll,leaf-guard,regenerator
115,kangaskhan,early-bird,scrappy,inner-focus
116,horsea,swift-swim,sniper,damp
117,seadra,poison-point,sniper,damp
118,goldeen,swift-swim,water-veil,lightning-rod
119,seaking,swift-swim,water-veil,lightning-rod
120,staryu,illuminate,natural-cure,analytic
121,starmie,illuminate,natural-cure,analytic
122,mr-mime,soundproof,filter,technician
123,scyther,swarm,technician,steadfast
124,jynx,oblivious,forewarn,dry-skin
125,electabuzz,static,,vital-spirit
126,magmar,flame-body,,vital-spirit
127,pinsir,hyper-cutter,mold-breaker,moxie
128,tauros,intimidate,anger-point,sheer-force
129,magikarp,swift-swim,,rattled
130,gyarados,intimidate,,moxie
131,lapras,water-absorb,shell-armor,hydration
132,ditto,limber,,imposter
133,eevee,run-away,adaptability,anticipation
134,vaporeon,water-absorb,,hydration
135,jolteon,volt-absorb,,quick-feet
136,flareon,flash-fire,,guts
137,porygon,trace,download,analytic
138,omanyte,swift-swim,shell-armor,weak-armor
139,omastar,swift-swim,shell-armor,weak-armor
140,kabuto,swift-swim,battle-armor,weak-armor
141,kabutops,swift-swim,battle-armor,weak-armor
142,aerodactyl,rock-head,pressure,unnerve
143,snorlax,immunity,thick-fat,gluttony
144,articuno,pressure,,snow-cloak
145,zapdos,pressure,,static
146,moltres,pressure,,flame-body
147,dratini,shed-skin,,marvel-scale
148,dragonair,shed-skin,,marvel-scale
149,dragonite,inner-focus,,multiscale
150,mewtwo,pressure,,unnerve
151,mew,synchronize,,
152,chikorita,overgrow,,leaf-guard
153,bayleef,overgrow,,leaf-guard
154,meganium,overgrow,,leaf-guard
155,cyndaquil,blaze,,flash-fire
156,quilava,blaze,,flash-fire
157,typhlosion,blaze,,flash-fire
158,totodile,torrent,,sheer-force
159,croconaw,torrent,,sheer-force
160,feraligatr,torrent,,sheer-force
161,sentret,run-away,keen-eye,frisk
162,furret,run-away,keen-eye,frisk
163,hoothoot,insomnia,keen-eye,tinted-lens
164,noctowl,insomnia,keen-eye,tinted-lens
165,ledyba,swarm,early-bird,rattled
166,ledian,swarm,early-bird,iron-fist
167,spinarak,swarm,insomnia,sniper
168,ariados,swarm,insomnia,sniper
169,crobat,inner-focus,,infiltrator
170,chinchou,volt-absorb,illuminate,water-absorb
171,lanturn,volt-absorb,illuminate,water-absorb
172,pichu,static,,lightning-rod
173,cleffa,cute-charm,magic-guard,friend-guard
174,igglybuff,cute-charm,competitive,friend-guard
175,togepi,hustle,serene-grace,super-luck
176,togetic,hustle,serene-grace,super-luck
177,natu,synchronize,early-bird,magic-bounce
178,xatu,synchronize,early-bird,magic-bounce
179,mareep,static,,plus
180,flaaffy,static,,plus
181,ampharos,static,,plus
182,bellossom,chlorophyll,,healer
183,marill,thick-fat,huge-power,sap-sipper
184,azumarill,thick-fat,huge-power,sap-sipper
185,sudowoodo,sturdy,rock-head,rattled
186,politoed,water-absorb,damp,drizzle
187,hoppip,chlorophyll,leaf-guard,infiltrator
188,skiploom,chlorophyll,leaf-guard,infiltrator
189,jumpluff,chlorophyll,leaf-guard,infiltrator
190,aipom,run-away,pickup,skill-link
191,sunkern,chlorophyll,solar-power,early-bird
192,sunflora,chlorophyll,solar-power,early-bird
193,yanma,speed-boost,compound-eyes,frisk
194,wooper,damp,water-absorb,unaware
195,quagsire,damp,water-absorb,unaware
196,espeon,synchronize,,magic-bounce
197,umbreon,synchronize,,inner-focus
198,murkrow,insomnia,super-luck,prankster
199,slowking,oblivious,own-tempo,regenerator
200,misdreavus,levitate,,
201,unown,levitate,,
202,wobbuffet,shadow-tag,,telepathy
203,girafarig,inner-focus,early-bird,sap-sipper
204,pineco,sturdy,,overcoat
205,forretress,sturdy,,overcoat
206,dunsparce,serene-grace,run-away,rattled
207,gligar,hyper-cutter,sand-veil,immunity
208,steelix,rock-head,sturdy,sheer-force
209,snubbull,intimidate,run-away,rattled
210,granbull,intimidate,quick-feet,rattled
211,qwilfish,poison-point,swift-swim,intimidate
212,scizor,swarm,technician,light-metal
213,shuckle,sturdy,gluttony,contrary
214,heracross,swarm,guts,moxie
215,sneasel,inner-focus,keen-eye,pickpocket
216,teddiursa,pickup,quick-feet,honey-gather
217,ursaring,guts,quick-feet,unnerve
218,slugma,magma-armor,flame-body,weak-armor
219,magcargo,magma-armor,flame-body,weak-armor
220,swinub,oblivious,snow-cloak,thick-fat
221,piloswine,oblivious,snow-cloak,thick-fat
222,corsola,hustle,natural-cure,regenerator
223,remoraid,hustle,sniper,moody
224,octillery,suction-cups,sniper,moody
225,delibird,vital-spirit,hustle,insomnia
226,mantine,swift-swim,water-absorb,water-veil
227,skarmory,keen-eye,sturdy,weak-armor
228,houndour,early-bird,flash-fire,unnerve
229,houndoom,early-bird,flash-fire,unnerve
230,kingdra,swift-swim,sniper,damp
231,phanpy,pickup,,sand-veil
232,donphan,sturdy,,sand-veil
233,porygon2,trace,download,analytic
234,stantler,intimidate,frisk,sap-sipper
235,smeargle,own-tempo,technician,moody
236,tyrogue,guts,steadfast,vital-spirit
237,hitmontop,intimidate,technician,steadfast
238,smoochum,oblivious,forewarn,hydration
239,elekid,static,,vital-spirit
240,magby,flame-body,,vital-spirit
241,miltank,thick-fat,scrappy,sap-sipper
242,blissey,natural-cure,serene-grace,healer
243,raikou,pressure,,inner-focus
244,entei,pressure,,inner-focus
245,suicune,pressure,,inner-focus
246,larvitar,guts,,sand-veil
247,pupitar,shed-skin,,
248,tyranitar,sand-stream,,unnerve
249,lugia,pressure,,multiscale
250,ho-oh,pressure,,regenerator
251,celebi,natural-cure,,
252,treecko,overgrow,,unburden
253,grovyle,overgrow,,unburden
254,sceptile,overgrow,,unburden
255,torchic,blaze,,speed-boost
256,combusken,blaze,,speed-boost
257,blaziken,blaze,,speed-boost
258,mudkip,torrent,,damp
259,marshtomp,torrent,,damp
260,swampert,torrent,,damp
261,poochyena,run-away,quick-feet,rattled
262,mightyena,intimidate,quick-feet,moxie
263,zigzagoon,pickup,gluttony,quick-feet
264,linoone,pickup,gluttony,quick-feet
265,wurmple,shield-dust,,run-away
266,silcoon,shed-skin,,
267,beautifly,swarm,,rivalry
268,cascoon,shed-skin,,
269,dustox,shield-dust,,compound-eyes
270,lotad,swift-swim,rain-dish,own-tempo
271,lombre,swift-swim,rain-dish,own-tempo
272,ludicolo,swift-swim,rain-dish,own-tempo
273,seedot,chlorophyll,early-bird,pickpocket
274,nuzleaf,chlorophyll,early-bird,pickpocket
275,shiftry,chlorophyll,early-bird,pickpocket
276,taillow,guts,,scrappy
277,swellow,guts,,scrappy
278,wingull,keen-eye,hydration,rain-dish
279,pelipper,keen-eye,drizzle,rain-dish
280,ralts,synchronize,trace,telepathy
281,kirlia,synchronize,trace,telepathy
282,gardevoir,synchronize,trace,telepathy
283,surskit,swift-swim,,rain-dish
284,masquerain,intimidate,,unnerve
285,shroomish,effect-spore,poison-heal,quick-feet
286,breloom,effect-spore,poison-heal,technician
287,slakoth,truant,,
288,vigoroth,vital-spirit,,
289,slaking,truant,,
290,nincada,compound-eyes,,run-away
291,ninjask,speed-boost,,infiltrator
292,shedinja,wonder-guard,,
293,whismur,soundproof,,rattled
294,loudred,soundproof,,scrappy
295,exploud,soundproof,,scrappy
296,makuhita,thick-fat,guts,sheer-force
297,hariyama,thick-fat,guts,sheer-force
298,azurill,thick-fat,huge-power,sap-sipper
299,nosepass,sturdy,magnet-pull,sand-force
300,skitty,cute-charm,normalize,wonder-skin
301,delcatty,cute-charm,normalize,wonder-skin
302,sableye,keen-eye,stall,prankster
303,mawile,hyper-cutter,intimidate,sheer-force
304,aron,sturdy,rock-head,heavy-metal
305,lairon,sturdy,rock-head,heavy-metal
306,aggron,sturdy,rock-head,heavy-metal
307,meditite,pure-power,,telepathy
308,medicham,pure-power,,telepathy
309,electrike,static,lightning-rod,minus
310,manectric,static,lightning-rod,minus
311,plusle,plus,,lightning-rod
312,minun,minus,,volt-absorb
313,volbeat,illuminate,swarm,prankster
314,illumise,oblivious,tinted-lens,prankster
315,roselia,natural-cure,poison-point,leaf-guard
316,gulpin,liquid-ooze,sticky-hold,gluttony
317,swalot,liquid-ooze,sticky-hold,gluttony
318,carvanha,rough-skin,,speed-boost
319,sharpedo,rough-skin,,speed-boost
320,wailmer,water-veil,oblivious,pressure
321,wailord,water-veil,oblivious,pressure
322,numel,oblivious,simple,own-tempo
323,camerupt,magma-armor,solid-rock,anger-point
324,torkoal,white-smoke,drought,shell-armor
325,spoink,thick-fat,own-tempo,gluttony
326,grumpig,thick-fat,own-tempo,gluttony
327,spinda,own-tempo,tangled-feet,contrary
328,trapinch,hyper-cutter,arena-trap,sheer-force
329,vibrava,levitate,,
330,flygon,levitate,,
331,cacnea,sand-veil,,water-absorb
332,cacturne,sand-veil,,water-absorb
333,swablu,natural-cure,,cloud-nine
334,altaria,natural-cure,,cloud-nine
335,zangoose,immunity,,toxic-boost
336,seviper,shed-skin,,infiltrator
337,lunatone,levitate,,
338,solrock,levitate,,
339,barboach,oblivious,anticipation,hydration
340,whiscash,oblivious,anticipation,hydration
341,corphish,hyper-cutter,shell-armor,adaptability
342,crawdaunt,hyper-cutter,shell-armor,adaptability
343,baltoy,levitate,,
344,claydol,levitate,,
345,lileep,suction-cups,,storm-drain
346,cradily,suction-cups,,storm-drain
347,anorith,battle-armor,,swift-swim
348,armaldo,battle-armor,,swift-swim
349,feebas,swift-swim,oblivious,adaptability
350,milotic,marvel-scale,competitive,cute-charm
351,castform,forecast,,
352,kecleon,color-change,,protean
353,shuppet,insomnia,frisk,cursed-body
354,banette,insomnia,frisk,cursed-body
355,duskull,levitate,,frisk
356,dusclops,pressure,,frisk
357,tropius,chlorophyll,solar-power,harvest
358,chimecho,levitate,,
359,absol,pressure,super-luck,justified
360,wynaut,shadow-tag,,telepathy
361,snorunt,inner-focus,ice-body,moody
362,glalie,inner-focus,ice-body,moody
363,spheal,thick-fat,ice-body,oblivious
364,sealeo,thick-fat,ice-body,oblivious
365,walrein,thick-fat,ice-body,oblivious
366,clamperl,shell-armor,,rattled
367,huntail,swift-swim,,water-veil
368,gorebyss,swift-swim,,hydration
369,relicanth,swift-swim,rock-head,sturdy
370,luvdisc,swift-swim,,hydration
371,bagon,rock-head,,sheer-force
372,shelgon,rock-head,,overcoat
373,salamence,intimidate,,moxie
374,beldum,clear-body,,light-metal
375,metang,clear-body,,light-metal
376,metagross,clear-body,,light-metal
377,regirock,clear-body,,sturdy
378,regice,clear-body,,ice-body
379,registeel,clear-body,,light-metal
380,latias,levitate,,
381,latios,levitate,,
382,kyogre,drizzle,,
383,groudon,drought,,
384,rayquaza,air-lock,,
385,jirachi,serene-grace,,
386,deoxys-normal,pressure,,
387,turtwig,overgrow,,shell-armor
388,grotle,overgrow,,shell-armor
389,torterra,overgrow,,shell-armor
390,chimchar,blaze,,iron-fist
391,monferno,blaze,,iron-fist
392,infernape,blaze,,iron-fist
393,piplup,torrent,,defiant
394,prinplup,torrent,,defiant
395,empoleon,torrent,,defiant
396,starly,keen-eye,,reckless
397,staravia,intimidate,,reckless
398,staraptor,intimidate,,reckless
399,bidoof,simple,unaware,moody
400,bibarel,simple,unaware,moody
401,kricketot,shed-skin,,run-away
402,kricketune,swarm,,technician
403,shinx,rivalry,intimidate,guts
404,luxio,rivalry,intimidate,guts
405,luxray,rivalry,intimidate,guts
406,budew,natural-cure,poison-point,leaf-guard
407,roserade,natural-cure,poison-point,technician
408,cranidos,mold-breaker,,sheer-force
409,rampardos,mold-breaker,,sheer-force
410,shieldon,sturdy,,soundproof
411,bastiodon,sturdy,,soundproof
412,burmy,shed-skin,,overcoat
413,wormadam-plant,anticipation,,overcoat
414,mothim,swarm,,tinted-lens
415,combee,honey-gather,,hustle
416,vespiquen,pressure,,unnerve
417,pachirisu,run-away,pickup,volt-absorb
418,buizel,swift-swim,,water-veil
419,floatzel,swift-swim,,water-veil
420,cherubi,chlorophyll,,
421,cherrim,flower-gift,,
422,shellos,sticky-hold,storm-drain,sand-force
423,gastrodon,sticky-hold,storm-drain,sand-force
424,ambipom,technician,pickup,skill-link
425,drifloon,aftermath,unburden,flare-boost
426,drifblim,aftermath,unburden,flare-boost
427,buneary,run-away,klutz,limber
428,lopunny,cute-charm,klutz,limber
429,mismagius,levitate,,
430,honchkrow,insomnia,super-luck,moxie
431,glameow,limber,own-tempo,keen-eye
432,purugly,thick-fat,own-tempo,defiant
433,chingling,levitate,,
434,stunky,stench,aftermath,keen-eye
435,skuntank,stench,aftermath,keen-eye
436,bronzor,levitate,heatproof,heavy-metal
437,bronzong,levitate,heatproof,heavy-metal
438,bonsly,sturdy,rock-head,rattled
439,mime-jr,soundproof,filter,technician
440,happiny,natural-cure,serene-grace,friend-guard
441,chatot,keen-eye,tangled-feet,big-pecks
442,spiritomb,pressure,,infiltrator
443,gible,sand-veil,,rough-skin
444,gabite,sand-veil,,rough-skin
445,garchomp,sand-veil,,rough-skin
446,munchlax,pickup,thick-fat,gluttony
447,riolu,steadfast,inner-focus,prankster
448,lucario,steadfast,inner-focus,justified
449,hippopotas,sand-stream,,sand-force
450,hippowdon,sand-stream,,sand-force
451,skorupi,battle-armor,sniper,keen-eye
452,drapion,battle-armor,sniper,keen-eye
453,croagunk,anticipation,dry-skin,poison-touch
454,toxicroak,anticipation,dry-skin,poison-touch
455,carnivine,levitate,,
456,finneon,swift-swim,storm-drain,water-veil
457,lumineon,swift-swim,storm-drain,water-veil
458,mantyke,swift-swim,water-absorb,water-veil
459,snover,snow-warning,,soundproof
460,abomasnow,snow-warning,,soundproof
461,weavile,pressure,,pickpocket
462,magnezone,magnet-pull,sturdy,analytic
463,lickilicky,own-tempo,oblivious,cloud-nine
464,rhyperior,lightning-rod,solid-rock,reckless
465,tangrowth,chlorophyll,leaf-guard,regenerator
466,electivire,motor-drive,,vital-spirit
467,magmortar,flame-body,,vital-spirit
468,togekiss,hustle,serene-grace,super-luck
469,yanmega,speed-boost,tinted-lens,frisk
470,leafeon,leaf-guard,,chlorophyll
471,glaceon,snow-cloak,,ice-body
472,gliscor,hyper-cutter,sand-veil,poison-heal
473,mamoswine,oblivious,snow-cloak,thick-fat
474,porygon-z,adaptability,download,analytic
475,gallade,steadfast,sharpness,justified
476,probopass,sturdy,magnet-pull,sand-force
477,dusknoir,pressure,,frisk
478,froslass,snow-cloak,,cursed-body
479,rotom,levitate,,
480,uxie,levitate,,
481,mesprit,levitate,,
482,azelf,levitate,,
483,dialga,pressure,,telepathy
484,palkia,pressure,,telepathy
485,heatran,flash-fire,,flame-body
486,regigigas,slow-start,,
487,giratina-altered,pressure,,telepathy
488,cresselia,levitate,,
489,phione,hydration,,
490,manaphy,hydration,,
491,darkrai,bad-dreams,,
492,shaymin-land,natural-cure,,
493,arceus,multitype,,
494,victini,victory-star,,
495,snivy,overgrow,,contrary
496,servine,overgrow,,contrary
497,serperior,overgrow,,contrary
498,tepig,blaze,,thick-fat
499,pignite,blaze,,thick-fat
500,emboar,blaze,,reckless
501,oshawott,torrent,,shell-armor
502,dewott,torrent,,shell-armor
503,samurott,torrent,,shell-armor
504,patrat,run-away,keen-eye,analytic
505,watchog,illuminate,keen-eye,analytic
506,lillipup,vital-spirit,pickup,run-away
507,herdier,intimidate,sand-rush,scrappy
508,stoutland,intimidate,sand-rush,scrappy
509,purrloin,limber,unburden,prankster
510,liepard,limber,unburden,prankster
511,pansage,gluttony,,overgrow
512,simisage,gluttony,,overgrow
513,pansear,gluttony,,blaze
514,simisear,gluttony,,blaze
515,panpour,gluttony,,torrent
516,simipour,gluttony,,torrent
517,munna,forewarn,synchronize,telepathy
518,musharna,forewarn,synchronize,telepathy
519,pidove,big-pecks,super-luck,rivalry
520,tranquill,big-pecks,super-luck,rivalry
521,unfezant,big-pecks,super-luck,rivalry
522,blitzle,lightning-rod,motor-drive,sap-sipper
523,zebstrika,lightning-rod,motor-drive,sap-sipper
524,roggenrola,sturdy,weak-armor,sand-force
525,boldore,sturdy,weak-armor,sand-force
526,gigalith,sturdy,sand-stream,sand-force
527,woobat,unaware,klutz,simple
528,swoobat,unaware,klutz,simple
529,drilbur,sand-rush,sand-force,mold-breaker
530,excadrill,sand-rush,sand-force,mold-breaker
531,audino,healer,regenerator,klutz
532,timburr,guts,sheer-force,iron-fist
533,gurdurr,guts,sheer-force,iron-fist
534,conkeldurr,guts,sheer-force,iron-fist
535,tympole,swift-swim,hydration,water-absorb
536,palpitoad,swift-swim,hydration,water-absorb
537,seismitoad,swift-swim,poison-touch,water-absorb
538,throh,guts,inner-focus,mold-breaker
539,sawk,sturdy,inner-focus,mold-breaker
540,sewaddle,swarm,chlorophyll,overcoat
541,swadloon,leaf-guard,chlorophyll,overcoat
542,leavanny,swarm,chlorophyll,overcoat
543,venipede,poison-point,swarm,speed-boost
544,whirlipede,poison-point,swarm,speed-boost
545,scolipede,poison-point,swarm,speed-boost
546,cottonee,prankster,infiltrator,chlorophyll
547,whimsicott,prankster,infiltrator,chlorophyll
548,petilil,chlorophyll,own-tempo,leaf-guard
549,lilligant,chlorophyll,own-tempo,leaf-guard
550,basculin-red-striped,reckless,adaptability,mold-breaker
551,sandile,intimidate,moxie,anger-point
552,krokorok,intimidate,moxie,anger-point
553,krookodile,intimidate,moxie,anger-point
554,darumaka,hustle,,inner-focus
555,darmanitan-standard,sheer-force,,zen-mode
556,maractus,water-absorb,chlorophyll,storm-drain
557,dwebble,sturdy,shell-armor,weak-armor
558,crustle,sturdy,shell-armor,weak-armor
559,scraggy,shed-skin,moxie,intimidate
560,scrafty,shed-skin,moxie,intimidate
561,sigilyph,wonder-skin,magic-guard,tinted-lens
562,yamask,mummy,,
563,cofagrigus,mummy,,
564,tirtouga,solid-rock,sturdy,swift-swim
565,carracosta,solid-rock,sturdy,swift-swim
566,archen,defeatist,,
567,archeops,defeatist,,
568,trubbish,stench,sticky-hold,aftermath
569,garbodor,stench,weak-armor,aftermath
570,zorua,illusion,,
571,zoroark,illusion,,
572,minccino,cute-charm,technician,skill-link
573,cinccino,cute-charm,technician,skill-link
574,gothita,frisk,competitive,shadow-tag
575,gothorita,frisk,competitive,shadow-tag
576,gothitelle,frisk,competitive,shadow-tag
577,solosis,overcoat,magic-guard,regenerator
578,duosion,overcoat,magic-guard,regenerator
579,reuniclus,overcoat,magic-guard,regenerator
580,ducklett,keen-eye,big-pecks,hydration
581,swanna,keen-eye,big-pecks,hydration
582,vanillite,ice-body,snow-cloak,weak-armor
583,vanillish,ice-body,snow-cloak,weak-armor
584,vanilluxe,ice-body,snow-warning,weak-armor
585,deerling,chlorophyll,sap-sipper,serene-grace
586,sawsbuck,chlorophyll,sap-sipper,serene-grace
587,emolga,static,,motor-drive
588,karrablast,swarm,shed-skin,no-guard
589,escavalier,swarm,shell-armor,overcoat
590,foongus,effect-spore,,regenerator
591,amoonguss,effect-spore,,regenerator
592,frillish,water-absorb,cursed-body,damp
593,jellicent,water-absorb,cursed-body,damp
594,alomomola,healer,hydration,regenerator
595,joltik,compound-eyes,unnerve,swarm
596,galvantula,compound-eyes,unnerve,swarm
597,ferroseed,iron-barbs,,
598,ferrothorn,iron-barbs,,anticipation
599,klink,plus,minus,clear-body
600,klang,plus,minus,clear-body
601,klinklang,plus,minus,clear-body
602,tynamo,levitate,,
603,eelektrik,levitate,,
604,eelektross,levitate,,
605,elgyem,telepathy,synchronize,analytic
606,beheeyem,telepathy,synchronize,analytic
607,litwick,flash-fire,flame-body,infiltrator
608,lampent,flash-fire,flame-body,infiltrator
609,chandelure,flash-fire,flame-body,infiltrator
610,axew,rivalry,mold-breaker,unnerve
611,fraxure,rivalry,mold-breaker,unnerve
612,haxorus,rivalry,mold-breaker,unnerve
613,cubchoo,snow-cloak,slush-rush,rattled
614,beartic,snow-cloak,slush-rush,swift-swim
615,cryogonal,levitate,,
616,shelmet,hydration,shell-armor,overcoat
617,accelgor,hydration,sticky-hold,unburden
618,stunfisk,static,limber,sand-veil
619,mienfoo,inner-focus,regenerator,reckless
620,mienshao,inner-focus,regenerator,reckless
621,druddigon,rough-skin,sheer-force,mold-breaker
622,golett,iron-fist,klutz,no-guard
623,golurk,iron-fist,klutz,no-guard
624,pawniard,defiant,inner-focus,pressure
625,bisharp,defiant,inner-focus,pressure
626,bouffalant,reckless,sap-sipper,soundproof
627,rufflet,keen-eye,sheer-force,hustle
628,braviary,keen-eye,sheer-force,defiant
629,vullaby,big-pecks,overcoat,weak-armor
630,mandibuzz,big-pecks,overcoat,weak-armor
631,heatmor,gluttony,flash-fire,white-smoke
632,durant,swarm,hustle,truant
633,deino,hustle,,
634,zweilous,hustle,,
635,hydreigon,levitate,,
636,larvesta,flame-body,,swarm
637,volcarona,flame-body,,swarm
638,cobalion,justified,,
639,terrakion,justified,,
640,virizion,justified,,
641,tornadus-incarnate,prankster,,defiant
642,thundurus-incarnate,prankster,,defiant
643,reshiram,turboblaze,,
644,zekrom,teravolt,,
645,landorus-incarnate,sand-force,,sheer-force
646,kyurem,pressure,,
647,keldeo-ordinary,justified,,
648,meloetta-aria,serene-grace,,
649,genesect,download,,
650,chespin,overgrow,,bulletproof
651,quilladin,overgrow,,bulletproof
652,chesnaught,overgrow,,bulletproof
653,fennekin,blaze,,magician
654,braixen,blaze,,magician
655,delphox,blaze,,magician
656,froakie,torrent,,protean
657,frogadier,torrent,,protean
658,greninja,torrent,,protean
659,bunnelby,pickup,cheek-pouch,huge-power
660,diggersby,pickup,cheek-pouch,huge-power
661,fletchling,big-pecks,,gale-wings
662,fletchinder,flame-body,,gale-wings
663,talonflame,flame-body,,gale-wings
664,scatterbug,shield-dust,compound-eyes,friend-guard
665,spewpa,shed-skin,,friend-guard
666,vivillon,shield-dust,compound-eyes,friend-guard
667,litleo,rivalry,unnerve,moxie
668,pyroar,rivalry,unnerve,moxie
669,flabebe,flower-veil,,symbiosis
670,floette,flower-veil,,symbiosis
671,florges,flower-veil,,symbiosis
672,skiddo,sap-sipper,,grass-pelt
673,gogoat,sap-sipper,,grass-pelt
674,pancham,iron-fist,mold-breaker,scrappy
675,pangoro,iron-fist,mold-breaker,scrappy
676,furfrou,fur-coat,,
677,espurr,keen-eye,infiltrator,own-tempo
678,meowstic-male,keen-eye,infiltrator,prankster
679,honedge,no-guard,,
680,doublade,no-guard,,
681,aegislash-shield,stance-change,,
682,spritzee,healer,,aroma-veil
683,aromatisse,healer,,aroma-veil
684,swirlix,sweet-veil,,unburden
685,slurpuff,sweet-veil,,unburden
686,inkay,contrary,suction-cups,infiltrator
687,malamar,contrary,suction-cups,infiltrator
688,binacle,tough-claws,sniper,pickpocket
689,barbaracle,tough-claws,sniper,pickpocket
690,skrelp,poison-point,poison-touch,adaptability
691,dragalge,poison-point,poison-touch,adaptability
692,clauncher,mega-launcher,,
693,clawitzer,mega-launcher,,
694,helioptile,dry-skin,sand-veil,solar-power
695,heliolisk,dry-skin,sand-veil,solar-power
696,tyrunt,strong-jaw,,sturdy
697,tyrantrum,strong-jaw,,rock-head
698,amaura,refrigerate,,snow-warning
699,aurorus,refrigerate,,snow-warning
700,sylveon,cute-charm,,pixilate
701,hawlucha,limber,unburden,mold-breaker
702,dedenne,cheek-pouch,pickup,plus
703,carbink,clear-body,,sturdy
704,goomy,sap-sipper,hydration,gooey
705,sliggoo,sap-sipper,hydration,gooey
706,goodra,sap-sipper,hydration,gooey
707,klefki,prankster,,magician
708,phantump,natural-cure,frisk,harvest
709,trevenant,natural-cure,frisk,harvest
710,pumpkaboo-average,pickup,frisk,insomnia
711,gourgeist-average,pickup,frisk,insomnia
712,bergmite,own-tempo,ice-body,sturdy
713,avalugg,own-tempo,ice-body,sturdy
714,noibat,frisk,infiltrator,telepathy
715,noivern,frisk,infiltrator,telepathy
716,xerneas,fairy-aura,,
717,yveltal,dark-aura,,
718,zygarde-50,aura-break,,
719,diancie,clear-body,,
720,hoopa,magician,,
721,volcanion,water-absorb,,
722,rowlet,overgrow,,long-reach
723,dartrix,overgrow,,long-reach
724,decidueye,overgrow,,long-reach
725,litten,blaze,,intimidate
726,torracat,blaze,,intimidate
727,incineroar,blaze,,intimidate
728,popplio,torrent,,liquid-voice
729,brionne,torrent,,liquid-voice
730,primarina,torrent,,liquid-voice
731,pikipek,keen-eye,skill-link,pickup
732,trumbeak,keen-eye,skill-link,pickup
733,toucannon,keen-eye,skill-link,sheer-force
734,yungoos,stakeout,strong-jaw,adaptability
735,gumshoos,stakeout,strong-jaw,adaptability
736,grubbin,swarm,,
737,charjabug,battery,,
738,vikavolt,levitate,,
739,crabrawler,hyper-cutter,iron-fist,anger-point
740,crabominable,hyper-cutter,iron-fist,anger-point
741,oricorio-baile,dancer,,
742,cutiefly,honey-gather,shield-dust,sweet-veil
743,ribombee,honey-gather,shield-dust,sweet-veil
744,rockruff,keen-eye,vital-spirit,steadfast
745,lycanroc-midday,keen-eye,sand-rush,steadfast
746,wishiwashi-solo,schooling,,
747,mareanie,merciless,limber,regenerator
748,toxapex,merciless,limber,regenerator
749,mudbray,own-tempo,stamina,inner-focus
750,mudsdale,own-tempo,stamina,inner-focus
751,dewpider,water-bubble,,water-absorb
752,araquanid,water-bubble,,water-absorb
753,fomantis,leaf-guard,,contrary
754,lurantis,leaf-guard,,contrary
755,morelull,illuminate,effect-spore,rain-dish
756,shiinotic,illuminate,effect-spore,rain-dish
757,salandit,corrosion,,oblivious
758,salazzle,corrosion,,oblivious
759,stufful,fluffy,klutz,cute-charm
760,bewear,fluffy,klutz,unnerve
761,bounsweet,leaf-guard,oblivious,sweet-veil
762,steenee,leaf-guard,oblivious,sweet-veil
763,tsareena,leaf-guard,queenly-majesty,sweet-veil
764,comfey,flower-veil,triage,natural-cure
765,oranguru,inner-focus,telepathy,symbiosis
766,passimian,receiver,,defiant
767,wimpod,wimp-out,,
768,golisopod,emergency-exit,,
769,sandygast,water-compaction,,sand-veil
770,palossand,water-compaction,,sand-veil
771,pyukumuku,innards-out,,unaware
772,type-null,battle-armor,,
773,silvally,rks-system,,
774,minior-red-meteor,shields-down,,
775,komala,comatose,,
776,turtonator,shell-armor,,
777,togedemaru,iron-barbs,lightning-rod,sturdy
778,mimikyu-disguised,disguise,,
779,bruxish,dazzling,strong-jaw,wonder-skin
780,drampa,berserk,sap-sipper,cloud-nine
781,dhelmise,steelworker,,
782,jangmo-o,bulletproof,soundproof,overcoat
783,hakamo-o,bulletproof,soundproof,overcoat
784,kommo-o,bulletproof,soundproof,overcoat
785,tapu-koko,electric-surge,,telepathy
786,tapu-lele,psychic-surge,,telepathy
787,tapu-bulu,grassy-surge,,telepathy
788,tapu-fini,misty-surge,,telepathy
789,cosmog,unaware,,
790,cosmoem,sturdy,,
791,solgaleo,full-metal-body,,
792,lunala,shadow-shield,,
793,nihilego,beast-boost,,
794,buzzwole,beast-boost,,
795,pheromosa,beast-boost,,
796,xurkitree,beast-boost,,
797,celesteela,beast-boost,,
798,kartana,beast-boost,,
799,guzzlord,beast-boost,,
800,necrozma,prism-armor,,
801,magearna,soul-heart,,
802,marshadow,technician,,
803,poipole,beast-boost,,
804,naganadel,beast-boost,,
805,stakataka,beast-boost,,
806,blacephalon,beast-boost,,
807,zeraora,volt-absorb,,
808,meltan,magnet-pull,,
809,melmetal,iron-fist,,
810,grookey,overgrow,,grassy-surge
811,thwackey,overgrow,,grassy-surge
812,rillaboom,overgrow,,grassy-surge
813,scorbunny,blaze,,libero
814,raboot,blaze,,libero
815,cinderace,blaze,,libero
816,sobble,torrent,,sniper
817,drizzile,torrent,,sniper
818,inteleon,torrent,,sniper
819,skwovet,cheek-pouch,,gluttony
820,greedent,cheek-pouch,,gluttony
821,rookidee,keen-eye,unnerve,big-pecks
822,corvisquire,keen-eye,unnerve,big-pecks
823,corviknight,pressure,unnerve,mirror-armor
824,blipbug,swarm,compound-eyes,telepathy
825,dottler,swarm,compound-eyes,telepathy
826,orbeetle,swarm,frisk,telepathy
827,nickit,run-away,unburden,stakeout
828,thievul,run-away,unburden,stakeout
829,gossifleur,cotton-down,regenerator,effect-spore
830,eldegoss,cotton-down,regenerator,effect-spore
831,wooloo,fluffy,run-away,bulletproof
832,dubwool,fluffy,steadfast,bulletproof
833,chewtle,strong-jaw,shell-armor,swift-swim
834,drednaw,strong-jaw,shell-armor,swift-swim
835,yamper,ball-fetch,,rattled
836,boltund,strong-jaw,,competitive
837,rolycoly,steam-engine,heatproof,flash-fire
838,carkol,steam-engine,flame-body,flash-fire
839,coalossal,steam-engine,flame-body,flash-fire
840,applin,ripen,gluttony,bulletproof
841,flapple,ripen,gluttony,hustle
842,appletun,ripen,gluttony,thick-fat
843,silicobra,sand-spit,shed-skin,sand-veil
844,sandaconda,sand-spit,shed-skin,sand-veil
845,cramorant,gulp-missile,,
846,arrokuda,swift-swim,,propeller-tail
847,barraskewda,swift-swim,,propeller-tail
848,toxel,rattled,static,klutz
849,toxtricity-amped,punk-rock,plus,technician
850,sizzlipede,flash-fire,white-smoke,flame-body
851,centiskorch,flash-fire,white-smoke,flame-body
852,clobbopus,limber,,technician
853,grapploct,limber,,technician
854,sinistea,weak-armor,,cursed-body
855,polteageist,weak-armor,,cursed-body
856,hatenna,healer,anticipation,magic-bounce
857,hattrem,healer,anticipation,magic-bounce
858,hatterene,healer,anticipation,magic-bounce
859,impidimp,prankster,frisk,pickpocket
860,morgrem,prankster,frisk,pickpocket
861,grimmsnarl,prankster,frisk,pickpocket
862,obstagoon,reckless,guts,defiant
863,perrserker,battle-armor,tough-claws,steely-spirit
864,cursola,weak-armor,,perish-body
865,sirfetchd,steadfast,,scrappy
866,mr-rime,tangled-feet,screen-cleaner,ice-body
867,runerigus,wandering-spirit,,
868,milcery,sweet-veil,,aroma-veil
869,alcremie,sweet-veil,,aroma-veil
870,falinks,battle-armor,,defiant
871,pincurchin,lightning-rod,,electric-surge
872,snom,shield-dust,,ice-scales
873,frosmoth,shield-dust,,ice-scales
874,stonjourner,power-spot,,
875,eiscue-ice,ice-face,,
876,indeedee-male,inner-focus,synchronize,psychic-surge
877,morpeko-full-belly,hunger-switch,,
878,cufant,sheer-force,,heavy-metal
879,copperajah,sheer-force,,heavy-metal
880,dracozolt,volt-absorb,hustle,sand-rush
881,arctozolt,volt-absorb,static,slush-rush
882,dracovish,water-absorb,strong-jaw,sand-rush
883,arctovish,water-absorb,ice-body,slush-rush
884,duraludon,light-metal,heavy-metal,stalwart
885,dreepy,clear-body,infiltrator,cursed-body
886,drakloak,clear-body,infiltrator,cursed-body
887,dragapult,clear-body,infiltrator,cursed-body
888,zacian,intrepid-sword,,
889,zamazenta,dauntless-shield,,
890,eternatus,pressure,,
891,kubfu,inner-focus,,
892,urshifu-single-strike,unseen-fist,,
893,zarude,leaf-guard,,
894,regieleki,transistor,,
895,regidrago,dragons-maw,,
896,glastrier,chilling-neigh,,
897,spectrier,grim-neigh,,
898,calyrex,unnerve,,
899,wyrdeer,intimidate,frisk,sap-sipper
900,kleavor,swarm,sheer-force,sharpness
901,ursaluna,guts,bulletproof,unnerve
902,basculegion-male,swift-swim,adaptability,mold-breaker
903,sneasler,pressure,unburden,poison-touch
904,overqwil,poison-point,swift-swim,intimidate
905,enamorus-incarnate,cute-charm,,contrary
906,sprigatito,overgrow,,protean
907,floragato,overgrow,,protean
908,meowscarada,overgrow,,protean
909,fuecoco,blaze,,unaware
910,crocalor,blaze,,unaware
911,skeledirge,blaze,,unaware
912,quaxly,torrent,,moxie
913,quaxwell,torrent,,moxie
914,quaquaval,torrent,,moxie
915,lechonk,aroma-veil,gluttony,thick-fat
916,oinkologne,lingering-aroma,gluttony,thick-fat
917,tarountula,insomnia,,stakeout
918,spidops,insomnia,,stakeout
919,nymble,swarm,,tinted-lens
920,lokix,swarm,,tinted-lens
921,pawmi,static,natural-cure,iron-fist
922,pawmo,volt-absorb,natural-cure,iron-fist
923,pawmot,volt-absorb,natural-cure,iron-fist
924,tandemaus,run-away,pickup,own-tempo
925,maushold,friend-guard,cheek-pouch,technician
926,fidough,own-tempo,,klutz
927,dachsbun,well-baked-body,,aroma-veil
928,smoliv,early-bird,,harvest
929,dolliv,early-bird,,harvest
930,arboliva,seed-sower,,harvest
931,squawkabilly,intimidate,hustle,guts
932,nacli,purifying-salt,sturdy,clear-body
933,naclstack,purifying-salt,sturdy,clear-body
934,garganacl,purifying-salt,sturdy,clear-body
935,charcadet,flash-fire,,flame-body
936,armarouge,flash-fire,,weak-armor
937,ceruledge,flash-fire,,weak-armor
938,tadbulb,own-tempo,static,damp
939,bellibolt,electromorphosis,static,damp
940,wattrel,wind-power,volt-absorb,competitive
941,kilowattrel,wind-power,volt-absorb,competitive
942,maschiff,intimidate,run-away,stakeout
943,mabosstiff,intimidate,guard-dog,stakeout
944,shroodle,unburden,pickpocket,prankster
945,grafaiai,unburden,poison-touch,prankster
946,bramblin,wind-rider,,infiltrator
947,brambleghast,wind-rider,,infiltrator
948,toedscool,mycelium-might,,mycelium-might
949,toedscruel,mycelium-might,,mycelium-might
950,klawf,anger-shell,shell-armor,regenerator
951,capsakid,chlorophyll,insomnia,klutz
952,scovillain,chlorophyll,insomnia,moody
953,rellor,compound-eyes,,shed-skin
954,rabsca,synchronize,,telepathy
955,flittle,anticipation,frisk,speed-boost
956,espathra,opportunist,frisk,speed-boost
957,tinkatink,mold-breaker,own-tempo,pickpocket
958,tinkatuff,mold-breaker,own-tempo,pickpocket
959,tinkaton,mold-breaker,own-tempo,pickpocket
960,wiglett,gooey,rattled,sand-veil
961,wugtrio,gooey,rattled,sand-veil
962,bombirdier,big-pecks,keen-eye,rocky-payload
963,finizen,water-veil,,water-veil
964,palafin,zero-to-hero,,zero-to-hero
965,varoom,overcoat,,slow-start
966,revavroom,overcoat,,filter
967,cyclizar,shed-skin,,regenerator
968,orthworm,earth-eater,,sand-veil
969,glimmet,toxic-debris,,corrosion
970,glimmora,toxic-debris,,corrosion
971,greavard,pickup,,fluffy
972,houndstone,sand-rush,,fluffy
973,flamigo,scrappy,tangled-feet,costar
974,cetoddle,thick-fat,snow-cloak,sheer-force
975,cetitan,thick-fat,slush-rush,sheer-force
976,veluza,mold-breaker,,sharpness
977,dondozo,unaware,oblivious,water-veil
978,tatsugiri,commander,,storm-drain
979,annihilape,vital-spirit,inner-focus,defiant
980,clodsire,poison-point,water-absorb,unaware
981,farigiraf,cud-chew,armor-tail,sap-sipper
982,dudunsparce,serene-grace,run-away,rattled
983,kingambit,defiant,supreme-overlord,pressure
984,great-tusk,protosynthesis,,protosynthesis
985,scream-tail,protosynthesis,,protosynthesis
986,brute-bonnet,protosynthesis,,protosynthesis
987,flutter-mane,protosynthesis,,protosynthesis
988,slither-wing,protosynthesis,,protosynthesis
989,sandy-shocks,protosynthesis,,protosynthesis
990,iron-treads,quark-drive,,quark-drive
991,iron-bundle,quark-drive,,quark-drive
992,iron-hands,quark-drive,,quark-drive
993,iron-jugulis,quark-drive,,quark-drive
994,iron-moth,quark-drive,,quark-drive
995,iron-thorns,quark-drive,,quark-drive
996,frigibax,thermal-exchange,,ice-body
997,arctibax,thermal-exchange,,ice-body
998,baxcalibur,thermal-exchange,,ice-body
999,gimmighoul,rattled,,rattled
1000,gholdengo,good-as-gold,,good-as-gold
1001,wo-chien,tablets-of-ruin,,tablets-of-ruin
1002,chien-pao,sword-of-ruin,,sword-of-ruin
1003,ting-lu,vessel-of-ruin,,vessel-of-ruin
1004,chi-yu,beads-of-ruin,,beads-of-ruin
1005,roaring-moon,protosynthesis,,protosynthesis
1006,iron-valiant,quark-drive,,quark-drive
1007,koraidon,orichalcum-pulse,,orichalcum-pulse
1008,miraidon,hadron-engine,,hadron-engine
1009,walking-wake,protosynthesis,,protosynthesis
1010,iron-leaves,quark-drive,,quark-drive
